-- --------------------------------------------------------
-- Host:                         127.0.0.1
-- Server version:               10.1.19-MariaDB - mariadb.org binary distribution
-- Server OS:                    Win32
-- HeidiSQL Version:             9.4.0.5125
-- --------------------------------------------------------

/*!40101 SET @OLD_CHARACTER_SET_CLIENT=@@CHARACTER_SET_CLIENT */;
/*!40101 SET NAMES utf8 */;
/*!50503 SET NAMES utf8mb4 */;
/*!40014 SET @OLD_FOREIGN_KEY_CHECKS=@@FOREIGN_KEY_CHECKS, FOREIGN_KEY_CHECKS=0 */;
/*!40101 SET @OLD_SQL_MODE=@@SQL_MODE, SQL_MODE='NO_AUTO_VALUE_ON_ZERO' */;


-- Dumping database structure for libqualnol
CREATE DATABASE IF NOT EXISTS `libqualnol` /*!40100 DEFAULT CHARACTER SET latin1 */;
USE `libqualnol`;

-- Dumping structure for table libqualnol.bobot
CREATE TABLE IF NOT EXISTS `bobot` (
  `id_bobot` int(10) NOT NULL AUTO_INCREMENT,
  `id_user_fk` int(10) DEFAULT NULL,
  `type` int(1) DEFAULT NULL COMMENT '1=criteria, 2=subcriteria',
  `id_target_1` int(10) DEFAULT NULL COMMENT 'criteria/subcriteria yang akan dibandingkan',
  `lebihpenting` int(1) DEFAULT NULL COMMENT '1:lebih penting dari; 2:kurang penting dari',
  `id_target_2` int(10) DEFAULT NULL COMMENT 'criteria/subcriteria yang akan dibandingkan',
  `bobot` float DEFAULT NULL,
  `status_bobot` int(1) DEFAULT NULL,
  PRIMARY KEY (`id_bobot`),
  KEY `id_user_fk` (`id_user_fk`)
) ENGINE=InnoDB AUTO_INCREMENT=358 DEFAULT CHARSET=latin1;

-- Dumping data for table libqualnol.bobot: ~178 rows (approximately)
/*!40000 ALTER TABLE `bobot` DISABLE KEYS */;
INSERT INTO `bobot` (`id_bobot`, `id_user_fk`, `type`, `id_target_1`, `lebihpenting`, `id_target_2`, `bobot`, `status_bobot`) VALUES
	(1, 4, 1, 1, 1, 2, 1, 1),
	(2, 4, 1, 1, 1, 3, 8, 1),
	(3, 4, 1, 2, 1, 3, 7, 1),
	(19, 4, 2, 1, 1, 2, 1, 1),
	(20, 4, 2, 1, 1, 3, 1, 1),
	(21, 4, 2, 1, 2, 4, 3, 1),
	(22, 4, 2, 1, 1, 5, 3, 1),
	(23, 4, 2, 1, 1, 6, 3, 1),
	(24, 4, 2, 2, 1, 3, 1, 1),
	(25, 4, 2, 2, 2, 4, 3, 1),
	(26, 4, 2, 2, 1, 5, 3, 1),
	(27, 4, 2, 2, 1, 6, 3, 1),
	(28, 4, 2, 3, 1, 4, 1, 1),
	(29, 4, 2, 3, 1, 5, 1, 1),
	(30, 4, 2, 3, 1, 6, 3, 1),
	(31, 4, 2, 4, 1, 5, 3, 1),
	(32, 4, 2, 4, 1, 6, 3, 1),
	(33, 4, 2, 5, 1, 6, 3, 1),
	(34, 4, 2, 17, 2, 18, 3, 1),
	(35, 4, 2, 17, 1, 19, 1, 1),
	(36, 4, 2, 17, 1, 20, 1, 1),
	(37, 4, 2, 17, 1, 21, 3, 1),
	(38, 4, 2, 17, 2, 22, 3, 1),
	(39, 4, 2, 18, 1, 19, 3, 1),
	(40, 4, 2, 18, 1, 20, 1, 1),
	(41, 4, 2, 18, 1, 21, 3, 1),
	(42, 4, 2, 18, 1, 22, 3, 1),
	(43, 4, 2, 19, 1, 20, 1, 1),
	(44, 4, 2, 19, 1, 21, 3, 1),
	(45, 4, 2, 19, 1, 22, 1, 1),
	(46, 4, 2, 20, 1, 21, 3, 1),
	(47, 4, 2, 20, 1, 22, 3, 1),
	(48, 4, 2, 21, 1, 22, 1, 1),
	(67, 2, 2, 7, 1, 8, 1, 1),
	(68, 2, 2, 7, 1, 9, 1, 1),
	(69, 2, 2, 7, 1, 10, 3, 1),
	(70, 2, 2, 7, 1, 11, 1, 1),
	(71, 2, 2, 7, 1, 12, 1, 1),
	(72, 2, 2, 7, 2, 13, 4, 1),
	(73, 2, 2, 7, 1, 14, 3, 1),
	(74, 2, 2, 7, 1, 15, 3, 1),
	(75, 2, 2, 7, 1, 16, 1, 1),
	(76, 2, 2, 8, 1, 9, 1, 1),
	(77, 2, 2, 8, 1, 10, 3, 1),
	(78, 2, 2, 8, 1, 11, 1, 1),
	(79, 2, 2, 8, 1, 12, 1, 1),
	(80, 2, 2, 8, 2, 13, 4, 1),
	(81, 2, 2, 8, 1, 14, 3, 1),
	(82, 2, 2, 8, 1, 15, 3, 1),
	(83, 2, 2, 8, 1, 16, 1, 1),
	(84, 2, 2, 9, 1, 10, 1, 1),
	(85, 2, 2, 9, 1, 11, 1, 1),
	(86, 2, 2, 9, 2, 12, 3, 1),
	(87, 2, 2, 9, 2, 13, 3, 1),
	(88, 2, 2, 9, 1, 14, 2, 1),
	(89, 2, 2, 9, 1, 15, 3, 1),
	(90, 2, 2, 9, 1, 16, 1, 1),
	(91, 2, 2, 10, 2, 11, 3, 1),
	(92, 2, 2, 10, 2, 12, 3, 1),
	(93, 2, 2, 10, 2, 13, 3, 1),
	(94, 2, 2, 10, 1, 14, 1, 1),
	(95, 2, 2, 10, 1, 15, 1, 1),
	(96, 2, 2, 10, 2, 16, 3, 1),
	(97, 2, 2, 11, 1, 12, 1, 1),
	(98, 2, 2, 11, 2, 13, 3, 1),
	(99, 2, 2, 11, 1, 14, 3, 1),
	(100, 2, 2, 11, 1, 15, 3, 1),
	(101, 2, 2, 11, 2, 16, 3, 1),
	(102, 2, 2, 12, 1, 13, 1, 1),
	(103, 2, 2, 12, 1, 14, 3, 1),
	(104, 2, 2, 12, 1, 15, 3, 1),
	(105, 2, 2, 12, 1, 16, 1, 1),
	(106, 2, 2, 13, 1, 14, 4, 1),
	(107, 2, 2, 13, 1, 15, 3, 1),
	(108, 2, 2, 13, 1, 16, 3, 1),
	(109, 2, 2, 14, 1, 15, 1, 1),
	(110, 2, 2, 14, 2, 16, 3, 1),
	(111, 2, 2, 15, 2, 16, 3, 1),
	(112, 2, 2, 17, 2, 18, 3, 1),
	(113, 2, 2, 17, 1, 19, 1, 1),
	(114, 2, 2, 17, 1, 20, 1, 1),
	(115, 2, 2, 17, 1, 21, 3, 1),
	(116, 2, 2, 17, 2, 22, 3, 1),
	(117, 2, 2, 18, 1, 19, 3, 1),
	(118, 2, 2, 18, 1, 20, 1, 1),
	(119, 2, 2, 18, 1, 21, 3, 1),
	(120, 2, 2, 18, 1, 22, 3, 1),
	(121, 2, 2, 19, 1, 20, 1, 1),
	(122, 2, 2, 19, 1, 21, 3, 1),
	(123, 2, 2, 19, 1, 22, 1, 1),
	(124, 2, 2, 20, 1, 21, 3, 1),
	(125, 2, 2, 20, 1, 22, 3, 1),
	(126, 2, 2, 21, 1, 22, 1, 1),
	(127, 3, 1, 1, 1, 2, 1, 1),
	(128, 3, 1, 1, 1, 3, 1, 1),
	(129, 3, 1, 2, 1, 3, 1, 1),
	(130, 3, 2, 1, 1, 2, 1, 1),
	(131, 3, 2, 1, 2, 3, 5, 1),
	(132, 3, 2, 1, 1, 4, 1, 1),
	(133, 3, 2, 1, 1, 5, 1, 1),
	(134, 3, 2, 1, 1, 6, 1, 1),
	(135, 3, 2, 2, 1, 3, 1, 1),
	(136, 3, 2, 2, 1, 4, 1, 1),
	(137, 3, 2, 2, 1, 5, 1, 1),
	(138, 3, 2, 2, 1, 6, 1, 1),
	(139, 3, 2, 3, 1, 4, 1, 1),
	(140, 3, 2, 3, 1, 5, 1, 1),
	(141, 3, 2, 3, 1, 6, 1, 1),
	(142, 3, 2, 4, 1, 5, 1, 1),
	(143, 3, 2, 4, 1, 6, 1, 1),
	(144, 3, 2, 5, 1, 6, 1, 1),
	(190, 3, 2, 7, 1, 8, 1, 1),
	(191, 3, 2, 7, 1, 9, 1, 1),
	(192, 3, 2, 7, 1, 10, 7, 1),
	(193, 3, 2, 7, 1, 11, 1, 1),
	(194, 3, 2, 7, 1, 12, 1, 1),
	(195, 3, 2, 7, 1, 13, 1, 1),
	(196, 3, 2, 7, 1, 14, 8, 1),
	(197, 3, 2, 7, 1, 15, 2, 1),
	(198, 3, 2, 7, 1, 16, 1, 1),
	(199, 3, 2, 8, 1, 9, 1, 1),
	(200, 3, 2, 8, 1, 10, 8, 1),
	(201, 3, 2, 8, 1, 11, 1, 1),
	(202, 3, 2, 8, 1, 12, 1, 1),
	(203, 3, 2, 8, 2, 13, 2, 1),
	(204, 3, 2, 8, 1, 14, 5, 1),
	(205, 3, 2, 8, 1, 15, 1, 1),
	(206, 3, 2, 8, 1, 16, 1, 1),
	(207, 3, 2, 9, 1, 10, 1, 1),
	(208, 3, 2, 9, 1, 11, 1, 1),
	(209, 3, 2, 9, 1, 12, 1, 1),
	(210, 3, 2, 9, 2, 13, 2, 1),
	(211, 3, 2, 9, 1, 14, 5, 1),
	(212, 3, 2, 9, 1, 15, 1, 1),
	(213, 3, 2, 9, 1, 16, 1, 1),
	(214, 3, 2, 10, 2, 11, 2, 1),
	(215, 3, 2, 10, 2, 12, 2, 1),
	(216, 3, 2, 10, 2, 13, 7, 1),
	(217, 3, 2, 10, 1, 14, 3, 1),
	(218, 3, 2, 10, 1, 15, 1, 1),
	(219, 3, 2, 10, 1, 16, 1, 1),
	(220, 3, 2, 11, 1, 12, 1, 1),
	(221, 3, 2, 11, 1, 13, 1, 1),
	(222, 3, 2, 11, 1, 14, 2, 1),
	(223, 3, 2, 11, 1, 15, 1, 1),
	(224, 3, 2, 11, 1, 16, 1, 1),
	(225, 3, 2, 12, 1, 13, 1, 1),
	(226, 3, 2, 12, 1, 14, 2, 1),
	(227, 3, 2, 12, 1, 15, 1, 1),
	(228, 3, 2, 12, 1, 16, 1, 1),
	(229, 3, 2, 13, 1, 14, 2, 1),
	(230, 3, 2, 13, 1, 15, 1, 1),
	(231, 3, 2, 13, 1, 16, 1, 1),
	(232, 3, 2, 14, 2, 15, 2, 1),
	(233, 3, 2, 14, 2, 16, 2, 1),
	(234, 3, 2, 15, 1, 16, 1, 1),
	(280, 3, 2, 17, 1, 18, 1, 1),
	(281, 3, 2, 17, 1, 19, 1, 1),
	(282, 3, 2, 17, 1, 20, 1, 1),
	(283, 3, 2, 17, 1, 21, 1, 1),
	(284, 3, 2, 17, 1, 22, 1, 1),
	(285, 3, 2, 18, 1, 19, 1, 1),
	(286, 3, 2, 18, 1, 20, 1, 1),
	(287, 3, 2, 18, 1, 21, 1, 1),
	(288, 3, 2, 18, 1, 22, 1, 1),
	(289, 3, 2, 19, 1, 20, 1, 1),
	(290, 3, 2, 19, 1, 21, 1, 1),
	(291, 3, 2, 19, 1, 22, 1, 1),
	(292, 3, 2, 20, 1, 21, 1, 1),
	(293, 3, 2, 20, 1, 22, 1, 1),
	(294, 3, 2, 21, 1, 22, 1, 1),
	(310, 2, 1, 1, 2, 2, 3, 1),
	(311, 2, 1, 1, 1, 3, 2, 1),
	(312, 2, 1, 2, 1, 3, 3, 1),
	(343, 2, 2, 1, 2, 2, 2, 1),
	(344, 2, 2, 1, 2, 3, 3, 1),
	(345, 2, 2, 1, 2, 4, 3, 1),
	(346, 2, 2, 1, 2, 5, 2, 1),
	(347, 2, 2, 1, 1, 6, 1, 1),
	(348, 2, 2, 2, 1, 3, 1, 1),
	(349, 2, 2, 2, 1, 4, 1, 1),
	(350, 2, 2, 2, 1, 5, 1, 1),
	(351, 2, 2, 2, 1, 6, 2, 1),
	(352, 2, 2, 3, 1, 4, 1, 1),
	(353, 2, 2, 3, 1, 5, 2, 1),
	(354, 2, 2, 3, 1, 6, 2, 1),
	(355, 2, 2, 4, 1, 5, 1, 1),
	(356, 2, 2, 4, 1, 6, 2, 1),
	(357, 2, 2, 5, 1, 6, 2, 1);
/*!40000 ALTER TABLE `bobot` ENABLE KEYS */;

-- Dumping structure for table libqualnol.criteria
CREATE TABLE IF NOT EXISTS `criteria` (
  `id_criteria` int(10) NOT NULL AUTO_INCREMENT,
  `criteria` tinytext,
  `status_criteria` int(1) DEFAULT NULL,
  PRIMARY KEY (`id_criteria`)
) ENGINE=InnoDB AUTO_INCREMENT=4 DEFAULT CHARSET=latin1;

-- Dumping data for table libqualnol.criteria: ~3 rows (approximately)
/*!40000 ALTER TABLE `criteria` DISABLE KEYS */;
INSERT INTO `criteria` (`id_criteria`, `criteria`, `status_criteria`) VALUES
	(1, 'Aspect of Service', 1),
	(2, 'Information Control', 2),
	(3, 'Library as Place', 3);
/*!40000 ALTER TABLE `criteria` ENABLE KEYS */;

-- Dumping structure for table libqualnol.diskretisasi
CREATE TABLE IF NOT EXISTS `diskretisasi` (
  `id_diskretisasi` int(11) NOT NULL AUTO_INCREMENT,
  `diskretisasi` tinytext,
  `diskretisasi_panjang` tinytext,
  `batas_akhir` double DEFAULT NULL,
  PRIMARY KEY (`id_diskretisasi`)
) ENGINE=InnoDB AUTO_INCREMENT=6 DEFAULT CHARSET=latin1;

-- Dumping data for table libqualnol.diskretisasi: ~5 rows (approximately)
/*!40000 ALTER TABLE `diskretisasi` DISABLE KEYS */;
INSERT INTO `diskretisasi` (`id_diskretisasi`, `diskretisasi`, `diskretisasi_panjang`, `batas_akhir`) VALUES
	(1, 'STP', 'Sangat Tidak Puas', 2.5),
	(2, 'TP', 'Tidak Puas', 4.5),
	(3, 'CP', 'Cukup Puas', 6),
	(4, 'P', 'Puas', 7.5),
	(5, 'SP', 'Sangat Puas', 9);
/*!40000 ALTER TABLE `diskretisasi` ENABLE KEYS */;

-- Dumping structure for table libqualnol.jawaban
CREATE TABLE IF NOT EXISTS `jawaban` (
  `id_responden_fk` int(10) NOT NULL,
  `id_subcriteria_fk` int(10) NOT NULL,
  `tipe` int(1) NOT NULL,
  `jawaban` tinytext,
  PRIMARY KEY (`id_responden_fk`,`id_subcriteria_fk`,`tipe`)
) ENGINE=InnoDB DEFAULT CHARSET=latin1;

-- Dumping data for table libqualnol.jawaban: ~442 rows (approximately)
/*!40000 ALTER TABLE `jawaban` DISABLE KEYS */;
INSERT INTO `jawaban` (`id_responden_fk`, `id_subcriteria_fk`, `tipe`, `jawaban`) VALUES
	(57, 1, 1, '7'),
	(57, 1, 2, '8'),
	(57, 2, 1, '9'),
	(57, 2, 2, '9'),
	(57, 3, 1, '8'),
	(57, 3, 2, '9'),
	(57, 4, 1, '8'),
	(57, 4, 2, '8.5'),
	(57, 5, 1, '9'),
	(57, 5, 2, '9'),
	(57, 6, 1, '9'),
	(57, 6, 2, '9'),
	(57, 7, 1, '7'),
	(57, 7, 2, '9'),
	(57, 8, 1, '8'),
	(57, 8, 2, '8'),
	(57, 9, 1, '9'),
	(57, 9, 2, '9'),
	(57, 10, 1, '7'),
	(57, 10, 2, '7'),
	(57, 11, 1, '9'),
	(57, 11, 2, '9'),
	(57, 12, 1, '7'),
	(57, 12, 2, '7'),
	(57, 13, 1, '6'),
	(57, 13, 2, '9'),
	(57, 14, 1, '9'),
	(57, 14, 2, '9'),
	(57, 15, 1, '8'),
	(57, 15, 2, '9'),
	(57, 16, 1, '9'),
	(57, 16, 2, '9'),
	(57, 17, 1, '8'),
	(57, 17, 2, '8'),
	(57, 18, 1, '8'),
	(57, 18, 2, '9'),
	(57, 19, 1, '7'),
	(57, 19, 2, '9'),
	(57, 20, 1, '9'),
	(57, 20, 2, '9'),
	(57, 21, 1, '9'),
	(57, 21, 2, '9'),
	(57, 22, 1, '9'),
	(57, 22, 2, '9'),
	(58, 1, 1, '8'),
	(58, 1, 2, '9'),
	(58, 2, 1, '8.5'),
	(58, 2, 2, '9'),
	(58, 3, 1, '8'),
	(58, 3, 2, '9'),
	(58, 4, 1, '8'),
	(58, 4, 2, '9'),
	(58, 5, 1, '8'),
	(58, 5, 2, '9'),
	(58, 6, 1, '8.5'),
	(58, 6, 2, '9'),
	(58, 7, 1, '6'),
	(58, 7, 2, '9'),
	(58, 8, 1, '8'),
	(58, 8, 2, '9'),
	(58, 9, 1, '8'),
	(58, 9, 2, '9'),
	(58, 10, 1, '7.5'),
	(58, 10, 2, '9'),
	(58, 11, 1, '8'),
	(58, 11, 2, '9'),
	(58, 12, 1, '8'),
	(58, 12, 2, '9'),
	(58, 13, 1, '4.5'),
	(58, 13, 2, '9'),
	(58, 14, 1, '8'),
	(58, 14, 2, '9'),
	(58, 15, 1, '8'),
	(58, 15, 2, '9'),
	(58, 16, 1, '8'),
	(58, 16, 2, '9'),
	(58, 17, 1, '8'),
	(58, 17, 2, '9'),
	(58, 18, 1, '8'),
	(58, 18, 2, '7'),
	(58, 19, 1, '8'),
	(58, 19, 2, '8.5'),
	(58, 20, 1, '8.5'),
	(58, 20, 2, '8.5'),
	(58, 21, 1, '8'),
	(58, 21, 2, '8'),
	(58, 22, 1, '8'),
	(58, 22, 2, '7'),
	(59, 1, 1, '9'),
	(59, 1, 2, '8'),
	(59, 2, 1, '9'),
	(59, 2, 2, '8'),
	(59, 3, 1, '9'),
	(59, 3, 2, '8'),
	(59, 4, 1, '9'),
	(59, 4, 2, '8'),
	(59, 5, 1, '9'),
	(59, 5, 2, '8'),
	(59, 6, 1, '9'),
	(59, 6, 2, '8'),
	(59, 7, 1, '5'),
	(59, 7, 2, '7'),
	(59, 8, 1, '7'),
	(59, 8, 2, '7'),
	(59, 9, 1, '7'),
	(59, 9, 2, '7'),
	(59, 10, 1, '8'),
	(59, 10, 2, '6.5'),
	(59, 11, 1, '8'),
	(59, 11, 2, '6.5'),
	(59, 12, 1, '7'),
	(59, 12, 2, '7.5'),
	(59, 13, 1, '5'),
	(59, 13, 2, '9'),
	(59, 14, 1, '7'),
	(59, 14, 2, '8'),
	(59, 15, 1, '7'),
	(59, 15, 2, '8'),
	(59, 16, 1, '8'),
	(59, 16, 2, '8'),
	(59, 17, 1, '9'),
	(59, 17, 2, '7'),
	(59, 18, 1, '9'),
	(59, 18, 2, '9'),
	(59, 19, 1, '8'),
	(59, 19, 2, '9'),
	(59, 20, 1, '8'),
	(59, 20, 2, '7.5'),
	(59, 21, 1, '9'),
	(59, 21, 2, '8'),
	(59, 22, 1, '9'),
	(59, 22, 2, '7.5'),
	(61, 1, 1, '9'),
	(61, 1, 2, '8'),
	(61, 2, 1, '8.5'),
	(61, 2, 2, '9'),
	(61, 3, 1, '7.5'),
	(61, 3, 2, '6.5'),
	(61, 4, 1, '8.5'),
	(61, 4, 2, '8.5'),
	(61, 5, 1, '6.5'),
	(61, 5, 2, '6'),
	(61, 6, 1, '9'),
	(61, 6, 2, '7'),
	(61, 7, 1, '4.5'),
	(61, 7, 2, '8.5'),
	(61, 8, 1, '7'),
	(61, 8, 2, '8.5'),
	(61, 9, 1, '8'),
	(61, 9, 2, '9'),
	(61, 10, 1, '8'),
	(61, 10, 2, '8'),
	(61, 11, 1, '9'),
	(61, 11, 2, '9'),
	(61, 12, 1, '9'),
	(61, 12, 2, '8.5'),
	(61, 13, 1, '6'),
	(61, 13, 2, '9'),
	(61, 14, 1, '8'),
	(61, 14, 2, '9'),
	(61, 15, 1, '8'),
	(61, 15, 2, '8'),
	(61, 16, 1, '9'),
	(61, 16, 2, '8.5'),
	(61, 17, 1, '9'),
	(61, 17, 2, '8.5'),
	(61, 18, 1, '9'),
	(61, 18, 2, '8.5'),
	(61, 19, 1, '9'),
	(61, 19, 2, '8.5'),
	(61, 20, 1, '9'),
	(61, 20, 2, '8.5'),
	(61, 21, 1, '6.5'),
	(61, 21, 2, '8.5'),
	(61, 22, 1, '8'),
	(61, 22, 2, '8.5'),
	(64, 1, 1, '8.5'),
	(64, 1, 2, '8.5'),
	(64, 2, 1, '8.5'),
	(64, 2, 2, '8.5'),
	(64, 3, 1, '8.5'),
	(64, 3, 2, '8.5'),
	(64, 4, 1, '8.5'),
	(64, 4, 2, '8.5'),
	(64, 5, 1, '8.5'),
	(64, 5, 2, '8.5'),
	(64, 6, 1, '8.5'),
	(64, 6, 2, '8.5'),
	(64, 7, 1, '6'),
	(64, 7, 2, '8.5'),
	(64, 8, 1, '7.5'),
	(64, 8, 2, '8.5'),
	(64, 9, 1, '7'),
	(64, 9, 2, '8.5'),
	(64, 10, 1, '8'),
	(64, 10, 2, '8.5'),
	(64, 11, 1, '7.5'),
	(64, 11, 2, '8.5'),
	(64, 12, 1, '7'),
	(64, 12, 2, '8.5'),
	(64, 13, 1, '4'),
	(64, 13, 2, '9'),
	(64, 14, 1, '8'),
	(64, 14, 2, '8.5'),
	(64, 15, 1, '8'),
	(64, 15, 2, '8.5'),
	(64, 16, 1, '7.5'),
	(64, 16, 2, '8.5'),
	(64, 17, 1, '8'),
	(64, 17, 2, '8.5'),
	(64, 18, 1, '8'),
	(64, 18, 2, '9'),
	(64, 19, 1, '7.5'),
	(64, 19, 2, '9'),
	(64, 20, 1, '8'),
	(64, 20, 2, '9'),
	(64, 21, 1, '8'),
	(64, 21, 2, '9'),
	(64, 22, 1, '6.5'),
	(64, 22, 2, '9'),
	(67, 1, 1, '9'),
	(67, 1, 2, '9'),
	(67, 2, 1, '8.5'),
	(67, 2, 2, '9'),
	(67, 3, 1, '9'),
	(67, 3, 2, '9'),
	(67, 4, 1, '8.5'),
	(67, 4, 2, '9'),
	(67, 5, 1, '8'),
	(67, 5, 2, '9'),
	(67, 6, 1, '9'),
	(67, 6, 2, '9'),
	(67, 7, 1, '6'),
	(67, 7, 2, '9'),
	(67, 8, 1, '8.5'),
	(67, 8, 2, '9'),
	(67, 9, 1, '8.5'),
	(67, 9, 2, '9'),
	(67, 10, 1, '9'),
	(67, 10, 2, '9'),
	(67, 11, 1, '9'),
	(67, 11, 2, '9'),
	(67, 12, 1, '9'),
	(67, 12, 2, '9'),
	(67, 13, 1, '5'),
	(67, 13, 2, '9'),
	(67, 14, 1, '8.5'),
	(67, 14, 2, '9'),
	(67, 15, 1, '8.5'),
	(67, 15, 2, '9'),
	(67, 16, 1, '8'),
	(67, 16, 2, '8.5'),
	(67, 17, 1, '9'),
	(67, 17, 2, '9'),
	(67, 18, 1, '9'),
	(67, 18, 2, '7'),
	(67, 19, 1, '9'),
	(67, 19, 2, '7'),
	(67, 20, 1, '9'),
	(67, 20, 2, '7'),
	(67, 21, 1, '9'),
	(67, 21, 2, '7'),
	(67, 22, 1, '9'),
	(67, 22, 2, '7'),
	(68, 1, 1, '8'),
	(68, 1, 2, '7'),
	(68, 2, 1, '8'),
	(68, 2, 2, '7'),
	(68, 3, 1, '7.5'),
	(68, 3, 2, '8'),
	(68, 4, 1, '8.5'),
	(68, 4, 2, '7'),
	(68, 5, 1, '8'),
	(68, 5, 2, '7'),
	(68, 6, 1, '8'),
	(68, 6, 2, '7'),
	(68, 7, 1, '7.5'),
	(68, 7, 2, '8.5'),
	(68, 8, 1, '7.5'),
	(68, 8, 2, '8'),
	(68, 9, 1, '6.5'),
	(68, 9, 2, '8'),
	(68, 10, 1, '8.5'),
	(68, 10, 2, '8'),
	(68, 11, 1, '7.5'),
	(68, 11, 2, '7.5'),
	(68, 12, 1, '7'),
	(68, 12, 2, '8'),
	(68, 13, 1, '7'),
	(68, 13, 2, '9'),
	(68, 14, 1, '8.5'),
	(68, 14, 2, '7'),
	(68, 15, 1, '8.5'),
	(68, 15, 2, '7'),
	(68, 16, 1, '7.5'),
	(68, 16, 2, '7'),
	(68, 17, 1, '8'),
	(68, 17, 2, '7'),
	(68, 18, 1, '8'),
	(68, 18, 2, '8.5'),
	(68, 19, 1, '8'),
	(68, 19, 2, '8.5'),
	(68, 20, 1, '8'),
	(68, 20, 2, '8.5'),
	(68, 21, 1, '8'),
	(68, 21, 2, '8.5'),
	(68, 22, 1, '8'),
	(68, 22, 2, '8.5'),
	(70, 1, 1, '7.5'),
	(70, 1, 2, '8'),
	(70, 2, 1, '9'),
	(70, 2, 2, '9'),
	(70, 3, 1, '9'),
	(70, 3, 2, '9'),
	(70, 4, 1, '9'),
	(70, 4, 2, '9'),
	(70, 5, 1, '9'),
	(70, 5, 2, '9'),
	(70, 6, 1, '7.5'),
	(70, 6, 2, '8'),
	(70, 7, 1, '4.5'),
	(70, 7, 2, '9'),
	(70, 8, 1, '7.5'),
	(70, 8, 2, '8.5'),
	(70, 9, 1, '7'),
	(70, 9, 2, '8'),
	(70, 10, 1, '9'),
	(70, 10, 2, '9'),
	(70, 11, 1, '6.5'),
	(70, 11, 2, '8'),
	(70, 12, 1, '6.5'),
	(70, 12, 2, '8'),
	(70, 13, 1, '5'),
	(70, 13, 2, '9'),
	(70, 14, 1, '9'),
	(70, 14, 2, '9'),
	(70, 15, 1, '9'),
	(70, 15, 2, '9'),
	(70, 16, 1, '8'),
	(70, 16, 2, '8'),
	(70, 17, 1, '9'),
	(70, 17, 2, '8.5'),
	(70, 18, 1, '9'),
	(70, 18, 2, '8.5'),
	(70, 19, 1, '9'),
	(70, 19, 2, '8.5'),
	(70, 20, 1, '9'),
	(70, 20, 2, '8.5'),
	(70, 21, 1, '9'),
	(70, 21, 2, '8'),
	(70, 22, 1, '9'),
	(70, 22, 2, '8.5'),
	(73, 1, 1, '7'),
	(73, 1, 2, '8'),
	(73, 2, 1, '7.5'),
	(73, 2, 2, '9'),
	(73, 3, 1, '7.5'),
	(73, 3, 2, '8.5'),
	(73, 4, 1, '7.5'),
	(73, 4, 2, '9'),
	(73, 5, 1, '7.5'),
	(73, 5, 2, '8.5'),
	(73, 6, 1, '7.5'),
	(73, 6, 2, '8.5'),
	(73, 7, 1, '5'),
	(73, 7, 2, '8.5'),
	(73, 8, 1, '6.5'),
	(73, 8, 2, '8.5'),
	(73, 9, 1, '7.5'),
	(73, 9, 2, '7'),
	(73, 10, 1, '7.5'),
	(73, 10, 2, '9'),
	(73, 11, 1, '6.5'),
	(73, 11, 2, '8.5'),
	(73, 12, 1, '6'),
	(73, 12, 2, '8'),
	(73, 13, 1, '5'),
	(73, 13, 2, '9'),
	(73, 14, 1, '7'),
	(73, 14, 2, '8.5'),
	(73, 15, 1, '6'),
	(73, 15, 2, '8'),
	(73, 16, 1, '6.5'),
	(73, 16, 2, '8'),
	(73, 17, 1, '7.5'),
	(73, 17, 2, '8.5'),
	(73, 18, 1, '7'),
	(73, 18, 2, '8.5'),
	(73, 19, 1, '7.5'),
	(73, 19, 2, '8.5'),
	(73, 20, 1, '7.5'),
	(73, 20, 2, '9'),
	(73, 21, 1, '7'),
	(73, 21, 2, '9'),
	(73, 22, 1, '7'),
	(73, 22, 2, '9'),
	(75, 1, 1, '7.5'),
	(75, 1, 2, '9'),
	(75, 2, 1, '7.5'),
	(75, 2, 2, '9'),
	(75, 3, 1, '7'),
	(75, 3, 2, '8.5'),
	(75, 4, 1, '6.5'),
	(75, 4, 2, '9'),
	(75, 5, 1, '6.5'),
	(75, 5, 2, '9'),
	(75, 6, 1, '7'),
	(75, 6, 2, '9'),
	(75, 7, 1, '5'),
	(75, 7, 2, '9'),
	(75, 8, 1, '7.5'),
	(75, 8, 2, '9'),
	(75, 9, 1, '6.5'),
	(75, 9, 2, '9'),
	(75, 10, 1, '6.5'),
	(75, 10, 2, '9'),
	(75, 11, 1, '7.5'),
	(75, 11, 2, '9'),
	(75, 12, 1, '6.5'),
	(75, 12, 2, '9'),
	(75, 13, 1, '4'),
	(75, 13, 2, '9'),
	(75, 14, 1, '7'),
	(75, 14, 2, '9'),
	(75, 15, 1, '6'),
	(75, 15, 2, '9'),
	(75, 16, 1, '6'),
	(75, 16, 2, '9'),
	(75, 17, 1, '8'),
	(75, 17, 2, '8.5'),
	(75, 18, 1, '8'),
	(75, 18, 2, '9'),
	(75, 19, 1, '7.5'),
	(75, 19, 2, '8.5'),
	(75, 20, 1, '7.5'),
	(75, 20, 2, '8.5'),
	(75, 21, 1, '8'),
	(75, 21, 2, '8.5'),
	(75, 22, 1, '7.5'),
	(75, 22, 2, '8.5');
/*!40000 ALTER TABLE `jawaban` ENABLE KEYS */;

-- Dumping structure for table libqualnol.responden
CREATE TABLE IF NOT EXISTS `responden` (
  `id_responden` int(10) NOT NULL AUTO_INCREMENT,
  `nama` varchar(50) DEFAULT NULL,
  `email` varchar(50) DEFAULT NULL,
  `no_anggota` varchar(50) DEFAULT NULL,
  `timestamp` timestamp NULL DEFAULT CURRENT_TIMESTAMP,
  `responden_status` int(1) DEFAULT NULL COMMENT '1=baru daftar, 2=sudah selesai mengisi',
  `tingkat_pendidikan` int(1) DEFAULT NULL COMMENT '1=SD, 2=SMP, 3=SMA, 4=S1, 5=S2, 6=S3, 7=lainnya',
  `jenis_kelamin` int(1) DEFAULT NULL COMMENT '1=laki-laki, 2=perempuan',
  PRIMARY KEY (`id_responden`)
) ENGINE=InnoDB AUTO_INCREMENT=77 DEFAULT CHARSET=latin1;

-- Dumping data for table libqualnol.responden: ~10 rows (approximately)
/*!40000 ALTER TABLE `responden` DISABLE KEYS */;
INSERT INTO `responden` (`id_responden`, `nama`, `email`, `no_anggota`, `timestamp`, `responden_status`, `tingkat_pendidikan`, `jenis_kelamin`) VALUES
	(57, 'Anda Supriyatna', 'anda.humas@gmail.com', '196007211982031003', '2017-07-03 14:33:22', 4, 3, 1),
	(58, 'Imam Suryanto', 'imam.kemendag@gmail.com', '1991112220140201001', '2017-07-03 14:45:51', 4, 4, 1),
	(59, 'elizabeth vania', 'vaniaelizabeth99@gmail.com', '', '2017-07-03 14:47:51', 4, 4, 2),
	(61, 'Reza Fenita', 'rezafenita@gmail.com', '', '2017-07-03 14:55:33', 4, 4, 2),
	(64, 'Ria Miska', 'ria.miska.repa@gmail.com', '198709242014022001', '2017-07-04 13:39:42', 4, 7, 2),
	(67, 'Lizza', 'lizza.kemendag@gmail.com', '199106042014022001', '2017-07-04 13:50:11', 4, 4, 2),
	(68, 'bhatara', 'kasihtaugaya@adadeh.com', '121212113112212', '2017-07-04 14:12:18', 4, 4, 1),
	(70, 'Fatmayanti', 'fatmayanti85@gmail.com', '198508302008012001', '2017-07-04 14:12:50', 4, 5, 2),
	(73, 'Etika Suryandari', 'etika.aisya@gmail.com', '198702022009122001', '2017-07-04 14:24:27', 4, 5, 2),
	(75, 'KURNIAWAN TRIWIBOWO ', 'inyonk99@gmail.com', '198010182008011004', '2017-07-04 14:32:42', 3, 5, 1);
/*!40000 ALTER TABLE `responden` ENABLE KEYS */;

-- Dumping structure for table libqualnol.respondennol
CREATE TABLE IF NOT EXISTS `respondennol` (
  `id_responden` int(10) NOT NULL AUTO_INCREMENT,
  `nama` varchar(50) DEFAULT NULL,
  `email` varchar(50) DEFAULT NULL,
  `no_anggota` varchar(50) DEFAULT NULL,
  `timestamp` timestamp NULL DEFAULT CURRENT_TIMESTAMP,
  `answers_1` text NOT NULL COMMENT 'berisi 22 jawaban berdasarkan persepsi. tiap jawaban dipisahkan dengan tanda koma. skala jawaban 1-5. 1=sangat rendah, 2=rendah, 3=sedang, 4=tinggi, 5=sangat tinggi',
  `answers_2` text NOT NULL COMMENT 'berisi 22 jawaban berdasarkan ekspektasi. tiap jawaban dipisahkan dengan tanda koma. skala jawaban 1-5. 1=sangat rendah, 2=rendah, 3=sedang, 4=tinggi, 5=sangat tinggi',
  `responden_status` int(1) DEFAULT NULL COMMENT '1=baru daftar, 2=sudah selesai mengisi',
  `tingkat_pendidikan` int(1) DEFAULT NULL COMMENT '1=SD, 2=SMP, 3=SMA, 4=S1, 5=S2, 6=S3, 7=lainnya',
  `jenis_kelamin` int(1) DEFAULT NULL COMMENT '1=laki-laki, 2=perempuan',
  PRIMARY KEY (`id_responden`)
) ENGINE=InnoDB DEFAULT CHARSET=latin1;

-- Dumping data for table libqualnol.respondennol: ~0 rows (approximately)
/*!40000 ALTER TABLE `respondennol` DISABLE KEYS */;
/*!40000 ALTER TABLE `respondennol` ENABLE KEYS */;

-- Dumping structure for table libqualnol.subcriteria
CREATE TABLE IF NOT EXISTS `subcriteria` (
  `id_subcriteria` int(10) NOT NULL AUTO_INCREMENT,
  `id_criteria_fk` int(10) DEFAULT NULL,
  `subcriteria` text,
  `pertanyaan` text,
  `status_subcriteria` int(1) DEFAULT NULL,
  PRIMARY KEY (`id_subcriteria`),
  KEY `id_criteria_fk` (`id_criteria_fk`)
) ENGINE=InnoDB AUTO_INCREMENT=23 DEFAULT CHARSET=latin1;

-- Dumping data for table libqualnol.subcriteria: ~22 rows (approximately)
/*!40000 ALTER TABLE `subcriteria` DISABLE KEYS */;
INSERT INTO `subcriteria` (`id_subcriteria`, `id_criteria_fk`, `subcriteria`, `pertanyaan`, `status_subcriteria`) VALUES
	(1, 1, 'Penampilan dan Kerapian', 'Penampilan dan kerapian pustakawan', 1),
	(2, 1, 'Sikap dan Perilaku', 'Sikap dan perilaku pustakawan dalam memberikan pelayanan', 1),
	(3, 1, 'Daya Tanggap', 'Daya tanggap pustakawan dalam pelayanan\r\n', 1),
	(4, 1, 'Kemampuan Pustakawan', 'Kemampuan pustakawan dalam menjawab pertanyaan pengguna', 1),
	(5, 1, 'Bimbingan dari Pustakawan', 'Bimbingan yang diberikan pustakawan dalam penelusuran informasi', 1),
	(6, 1, 'Jam Layanan', 'Petugas melayani sesuai dengan ketentuan jam pelayanan yang telah ditetapkan	\r\n', 1),
	(7, 2, 'Kemutkahiran Koleksi', 'Kemutakhiran koleksi (up to date)', 1),
	(8, 2, 'Koleksi Buku', 'Ketersediaan koleksi buku dalam menunjang pekerjaan', 1),
	(9, 2, 'Koleksi Audiovisual', 'Ketersediaan koleksi audiovisual (CD, VCD, DVD)', 1),
	(10, 2, 'Koleksi Surat Kabar dan Majalah', 'Ketersediaan koleksi surat kabar dan majalah dalam memenuhi kebutuhan informasi terkini', 1),
	(11, 2, 'Fasilitas Komputer', 'Fasilitas komputer yang diberikan', 1),
	(12, 2, 'Fasilitas Internet (WIFI)', 'Fasilitas internet/WIFI yang diberikan\r\n', 1),
	(13, 2, 'Koleksi Jurnal Online', 'Ketersediaan dan kemudahan akses jurnal online', 1),
	(14, 2, 'Penempatan Koleksi', 'Penempatan koleksi pada rak mudah untuk ditemukan', 1),
	(15, 2, 'Self Service', 'Kemudahan penggunaan layanan mandiri (self service)', 1),
	(16, 2, 'Katalog Penelusuran (OPAC)', 'Katalog penelusuran online (OPAC)', 1),
	(17, 3, 'Desain Ruangan', 'Desain ruangan perpustakaan', 1),
	(18, 3, 'Kebersihan dan Keindahan', 'Kebersihan dan keindahan ruangan perpustakaan', 1),
	(19, 3, 'Pencahayaan dan Pengaturan Suhu', 'Pencahayaan dan pengaturan suhu ruangan perpustakaan', 1),
	(20, 3, 'Kondusifitas/Kenyamanan', 'Kondusifitas/kenyamanan ruangan perpustakaan', 1),
	(21, 3, 'Ketersediaan Meja dan Tempat Duduk', 'Ketersediaan meja dan tempat duduk', 1),
	(22, 3, 'Sarana loker', 'Sarana penitipan tas (loker) yang diberikan', 1);
/*!40000 ALTER TABLE `subcriteria` ENABLE KEYS */;

-- Dumping structure for table libqualnol.subcriterianol
CREATE TABLE IF NOT EXISTS `subcriterianol` (
  `id_subcriteria` int(10) NOT NULL AUTO_INCREMENT,
  `id_criteria_fk` int(10) DEFAULT NULL,
  `subcriteria` text,
  `pertanyaan` text,
  `status_subcriteria` int(1) DEFAULT NULL,
  PRIMARY KEY (`id_subcriteria`),
  KEY `id_criteria_fk` (`id_criteria_fk`)
) ENGINE=InnoDB DEFAULT CHARSET=latin1;

-- Dumping data for table libqualnol.subcriterianol: ~0 rows (approximately)
/*!40000 ALTER TABLE `subcriterianol` DISABLE KEYS */;
/*!40000 ALTER TABLE `subcriterianol` ENABLE KEYS */;

-- Dumping structure for table libqualnol.user
CREATE TABLE IF NOT EXISTS `user` (
  `id_user` int(10) NOT NULL AUTO_INCREMENT,
  `username` tinytext,
  `password` tinytext,
  `role` int(1) DEFAULT NULL COMMENT '1=admin, 2=pengelola perpus, 3=pakar',
  `user_status` int(1) DEFAULT NULL,
  `porsi_bobota` int(3) DEFAULT NULL COMMENT 'skala 1-100',
  `nama` tinytext,
  `alamat` text,
  `jabatan` tinytext,
  `email` tinytext,
  PRIMARY KEY (`id_user`)
) ENGINE=InnoDB AUTO_INCREMENT=4 DEFAULT CHARSET=latin1;

-- Dumping data for table libqualnol.user: ~3 rows (approximately)
/*!40000 ALTER TABLE `user` DISABLE KEYS */;
INSERT INTO `user` (`id_user`, `username`, `password`, `role`, `user_status`, `porsi_bobota`, `nama`, `alamat`, `jabatan`, `email`) VALUES
	(1, 'admin', 'admin', 1, 1, NULL, 'Admin', NULL, NULL, 'admin@libqual.com'),
	(2, 'pakar1', 'pakar1', 3, 1, 75, 'pakar1', 'yogyakarta', 'pakar1', 'pakar1@gmail.com'),
	(3, 'pakar2', 'pakar2', 3, 1, 25, 'pakar2', 'yogyakarta', 'pakar2', 'pakar2@gmail.com');
/*!40000 ALTER TABLE `user` ENABLE KEYS */;

-- Dumping structure for table libqualnol.userisi
CREATE TABLE IF NOT EXISTS `userisi` (
  `id_user` int(10) NOT NULL AUTO_INCREMENT,
  `username` tinytext,
  `password` tinytext,
  `role` int(1) DEFAULT NULL COMMENT '1=admin, 2=pengelola perpus, 3=pakar',
  `user_status` int(1) DEFAULT NULL,
  `porsi_bobot` int(3) DEFAULT NULL COMMENT 'skala 1-100',
  `nama` tinytext,
  `alamat` text,
  `jabatan` tinytext,
  `email` tinytext,
  PRIMARY KEY (`id_user`)
) ENGINE=InnoDB AUTO_INCREMENT=6 DEFAULT CHARSET=latin1;

-- Dumping data for table libqualnol.userisi: ~5 rows (approximately)
/*!40000 ALTER TABLE `userisi` DISABLE KEYS */;
INSERT INTO `userisi` (`id_user`, `username`, `password`, `role`, `user_status`, `porsi_bobot`, `nama`, `alamat`, `jabatan`, `email`) VALUES
	(1, 'admin', 'admin', 1, 1, NULL, 'Admin', NULL, NULL, 'admin@libqual.com'),
	(2, 'doddy_kabag', 'doddykabag', 2, 1, 30, 'Raden Sudiyatmoko, S.H.', 'Jl. M. I. Ridwan Rais No. 5, Jakarta Pusat', 'Kepala Bagian Layanan Informasi Publik dan Perpustakaan Kemendag', 'sudiyatmoko@yahoo.com'),
	(3, 'ida', 'ida1', 3, 1, 20, 'Dr. Ida Farida MLIS', 'Jl. Ir. H. Juanda No.95, Ciputat Timur., Kota Tangerang Selatan, Banten 15412', 'Dosen Prodi Ilmu Perpustakaan UIN Syarif Hidayatullah Jakarta', 'pakar1@gmail.com'),
	(4, 'wahyu', 'w4hyu77', 3, 1, 25, 'Wahyu Kumoro', 'Jl. Pejambon No. 6 Jakarta Pusat', 'Ketua Forum Perpustakaan Khusus Indonesia', 'wkumoro@gmail.com'),
	(5, 'dewi.kaniasari', 'Kanya25', 3, 1, 25, 'Dewi Kaniasari', 'Jl. Pancawarga I/16 No. 13 Jakarta 13410', 'Kepala Sub Bagian Perpustakaan', 'dewi_kanya@yahoo.com');
/*!40000 ALTER TABLE `userisi` ENABLE KEYS */;

/*!40101 SET SQL_MODE=IFNULL(@OLD_SQL_MODE, '') */;
/*!40014 SET FOREIGN_KEY_CHECKS=IF(@OLD_FOREIGN_KEY_CHECKS IS NULL, 1, @OLD_FOREIGN_KEY_CHECKS) */;
/*!40101 SET CHARACTER_SET_CLIENT=@OLD_CHARACTER_SET_CLIENT */;
