-- --------------------------------------------------------
-- Host:                         127.0.0.1
-- Server version:               10.1.19-MariaDB - mariadb.org binary distribution
-- Server OS:                    Win32
-- HeidiSQL Version:             9.4.0.5125
-- --------------------------------------------------------

/*!40101 SET @OLD_CHARACTER_SET_CLIENT=@@CHARACTER_SET_CLIENT */;
/*!40101 SET NAMES utf8 */;
/*!50503 SET NAMES utf8mb4 */;
/*!40014 SET @OLD_FOREIGN_KEY_CHECKS=@@FOREIGN_KEY_CHECKS, FOREIGN_KEY_CHECKS=0 */;
/*!40101 SET @OLD_SQL_MODE=@@SQL_MODE, SQL_MODE='NO_AUTO_VALUE_ON_ZERO' */;


-- Dumping database structure for libqualnol
CREATE DATABASE IF NOT EXISTS `libqualnol` /*!40100 DEFAULT CHARACTER SET latin1 */;
USE `libqualnol`;

-- Dumping structure for table libqualnol.bobot
CREATE TABLE IF NOT EXISTS `bobot` (
  `id_bobot` int(10) NOT NULL AUTO_INCREMENT,
  `id_user_fk` int(10) DEFAULT NULL,
  `type` int(1) DEFAULT NULL COMMENT '1=criteria, 2=subcriteria',
  `id_target_1` int(10) DEFAULT NULL COMMENT 'criteria/subcriteria yang akan dibandingkan',
  `lebihpenting` int(1) DEFAULT NULL COMMENT '1:lebih penting dari; 2:kurang penting dari',
  `id_target_2` int(10) DEFAULT NULL COMMENT 'criteria/subcriteria yang akan dibandingkan',
  `bobot` float DEFAULT NULL,
  `status_bobot` int(1) DEFAULT NULL,
  PRIMARY KEY (`id_bobot`),
  KEY `id_user_fk` (`id_user_fk`)
) ENGINE=InnoDB AUTO_INCREMENT=358 DEFAULT CHARSET=latin1;

-- Dumping data for table libqualnol.bobot: ~178 rows (approximately)
/*!40000 ALTER TABLE `bobot` DISABLE KEYS */;
INSERT INTO `bobot` (`id_bobot`, `id_user_fk`, `type`, `id_target_1`, `lebihpenting`, `id_target_2`, `bobot`, `status_bobot`) VALUES
	(1, 4, 1, 1, 1, 2, 1, 1),
	(2, 4, 1, 1, 1, 3, 8, 1),
	(3, 4, 1, 2, 1, 3, 7, 1),
	(19, 4, 2, 1, 1, 2, 1, 1),
	(20, 4, 2, 1, 1, 3, 1, 1),
	(21, 4, 2, 1, 2, 4, 3, 1),
	(22, 4, 2, 1, 1, 5, 3, 1),
	(23, 4, 2, 1, 1, 6, 3, 1),
	(24, 4, 2, 2, 1, 3, 1, 1),
	(25, 4, 2, 2, 2, 4, 3, 1),
	(26, 4, 2, 2, 1, 5, 3, 1),
	(27, 4, 2, 2, 1, 6, 3, 1),
	(28, 4, 2, 3, 1, 4, 1, 1),
	(29, 4, 2, 3, 1, 5, 1, 1),
	(30, 4, 2, 3, 1, 6, 3, 1),
	(31, 4, 2, 4, 1, 5, 3, 1),
	(32, 4, 2, 4, 1, 6, 3, 1),
	(33, 4, 2, 5, 1, 6, 3, 1),
	(34, 4, 2, 17, 2, 18, 3, 1),
	(35, 4, 2, 17, 1, 19, 1, 1),
	(36, 4, 2, 17, 1, 20, 1, 1),
	(37, 4, 2, 17, 1, 21, 3, 1),
	(38, 4, 2, 17, 2, 22, 3, 1),
	(39, 4, 2, 18, 1, 19, 3, 1),
	(40, 4, 2, 18, 1, 20, 1, 1),
	(41, 4, 2, 18, 1, 21, 3, 1),
	(42, 4, 2, 18, 1, 22, 3, 1),
	(43, 4, 2, 19, 1, 20, 1, 1),
	(44, 4, 2, 19, 1, 21, 3, 1),
	(45, 4, 2, 19, 1, 22, 1, 1),
	(46, 4, 2, 20, 1, 21, 3, 1),
	(47, 4, 2, 20, 1, 22, 3, 1),
	(48, 4, 2, 21, 1, 22, 1, 1),
	(67, 2, 2, 7, 1, 8, 1, 1),
	(68, 2, 2, 7, 1, 9, 1, 1),
	(69, 2, 2, 7, 1, 10, 3, 1),
	(70, 2, 2, 7, 1, 11, 1, 1),
	(71, 2, 2, 7, 1, 12, 1, 1),
	(72, 2, 2, 7, 2, 13, 4, 1),
	(73, 2, 2, 7, 1, 14, 3, 1),
	(74, 2, 2, 7, 1, 15, 3, 1),
	(75, 2, 2, 7, 1, 16, 1, 1),
	(76, 2, 2, 8, 1, 9, 1, 1),
	(77, 2, 2, 8, 1, 10, 3, 1),
	(78, 2, 2, 8, 1, 11, 1, 1),
	(79, 2, 2, 8, 1, 12, 1, 1),
	(80, 2, 2, 8, 2, 13, 4, 1),
	(81, 2, 2, 8, 1, 14, 3, 1),
	(82, 2, 2, 8, 1, 15, 3, 1),
	(83, 2, 2, 8, 1, 16, 1, 1),
	(84, 2, 2, 9, 1, 10, 1, 1),
	(85, 2, 2, 9, 1, 11, 1, 1),
	(86, 2, 2, 9, 2, 12, 3, 1),
	(87, 2, 2, 9, 2, 13, 3, 1),
	(88, 2, 2, 9, 1, 14, 2, 1),
	(89, 2, 2, 9, 1, 15, 3, 1),
	(90, 2, 2, 9, 1, 16, 1, 1),
	(91, 2, 2, 10, 2, 11, 3, 1),
	(92, 2, 2, 10, 2, 12, 3, 1),
	(93, 2, 2, 10, 2, 13, 3, 1),
	(94, 2, 2, 10, 1, 14, 1, 1),
	(95, 2, 2, 10, 1, 15, 1, 1),
	(96, 2, 2, 10, 2, 16, 3, 1),
	(97, 2, 2, 11, 1, 12, 1, 1),
	(98, 2, 2, 11, 2, 13, 3, 1),
	(99, 2, 2, 11, 1, 14, 3, 1),
	(100, 2, 2, 11, 1, 15, 3, 1),
	(101, 2, 2, 11, 2, 16, 3, 1),
	(102, 2, 2, 12, 1, 13, 1, 1),
	(103, 2, 2, 12, 1, 14, 3, 1),
	(104, 2, 2, 12, 1, 15, 3, 1),
	(105, 2, 2, 12, 1, 16, 1, 1),
	(106, 2, 2, 13, 1, 14, 4, 1),
	(107, 2, 2, 13, 1, 15, 3, 1),
	(108, 2, 2, 13, 1, 16, 3, 1),
	(109, 2, 2, 14, 1, 15, 1, 1),
	(110, 2, 2, 14, 2, 16, 3, 1),
	(111, 2, 2, 15, 2, 16, 3, 1),
	(112, 2, 2, 17, 2, 18, 3, 1),
	(113, 2, 2, 17, 1, 19, 1, 1),
	(114, 2, 2, 17, 1, 20, 1, 1),
	(115, 2, 2, 17, 1, 21, 3, 1),
	(116, 2, 2, 17, 2, 22, 3, 1),
	(117, 2, 2, 18, 1, 19, 3, 1),
	(118, 2, 2, 18, 1, 20, 1, 1),
	(119, 2, 2, 18, 1, 21, 3, 1),
	(120, 2, 2, 18, 1, 22, 3, 1),
	(121, 2, 2, 19, 1, 20, 1, 1),
	(122, 2, 2, 19, 1, 21, 3, 1),
	(123, 2, 2, 19, 1, 22, 1, 1),
	(124, 2, 2, 20, 1, 21, 3, 1),
	(125, 2, 2, 20, 1, 22, 3, 1),
	(126, 2, 2, 21, 1, 22, 1, 1),
	(127, 3, 1, 1, 1, 2, 1, 1),
	(128, 3, 1, 1, 1, 3, 1, 1),
	(129, 3, 1, 2, 1, 3, 1, 1),
	(130, 3, 2, 1, 1, 2, 1, 1),
	(131, 3, 2, 1, 2, 3, 5, 1),
	(132, 3, 2, 1, 1, 4, 1, 1),
	(133, 3, 2, 1, 1, 5, 1, 1),
	(134, 3, 2, 1, 1, 6, 1, 1),
	(135, 3, 2, 2, 1, 3, 1, 1),
	(136, 3, 2, 2, 1, 4, 1, 1),
	(137, 3, 2, 2, 1, 5, 1, 1),
	(138, 3, 2, 2, 1, 6, 1, 1),
	(139, 3, 2, 3, 1, 4, 1, 1),
	(140, 3, 2, 3, 1, 5, 1, 1),
	(141, 3, 2, 3, 1, 6, 1, 1),
	(142, 3, 2, 4, 1, 5, 1, 1),
	(143, 3, 2, 4, 1, 6, 1, 1),
	(144, 3, 2, 5, 1, 6, 1, 1),
	(190, 3, 2, 7, 1, 8, 1, 1),
	(191, 3, 2, 7, 1, 9, 1, 1),
	(192, 3, 2, 7, 1, 10, 7, 1),
	(193, 3, 2, 7, 1, 11, 1, 1),
	(194, 3, 2, 7, 1, 12, 1, 1),
	(195, 3, 2, 7, 1, 13, 1, 1),
	(196, 3, 2, 7, 1, 14, 8, 1),
	(197, 3, 2, 7, 1, 15, 2, 1),
	(198, 3, 2, 7, 1, 16, 1, 1),
	(199, 3, 2, 8, 1, 9, 1, 1),
	(200, 3, 2, 8, 1, 10, 8, 1),
	(201, 3, 2, 8, 1, 11, 1, 1),
	(202, 3, 2, 8, 1, 12, 1, 1),
	(203, 3, 2, 8, 2, 13, 2, 1),
	(204, 3, 2, 8, 1, 14, 5, 1),
	(205, 3, 2, 8, 1, 15, 1, 1),
	(206, 3, 2, 8, 1, 16, 1, 1),
	(207, 3, 2, 9, 1, 10, 1, 1),
	(208, 3, 2, 9, 1, 11, 1, 1),
	(209, 3, 2, 9, 1, 12, 1, 1),
	(210, 3, 2, 9, 2, 13, 2, 1),
	(211, 3, 2, 9, 1, 14, 5, 1),
	(212, 3, 2, 9, 1, 15, 1, 1),
	(213, 3, 2, 9, 1, 16, 1, 1),
	(214, 3, 2, 10, 2, 11, 2, 1),
	(215, 3, 2, 10, 2, 12, 2, 1),
	(216, 3, 2, 10, 2, 13, 7, 1),
	(217, 3, 2, 10, 1, 14, 3, 1),
	(218, 3, 2, 10, 1, 15, 1, 1),
	(219, 3, 2, 10, 1, 16, 1, 1),
	(220, 3, 2, 11, 1, 12, 1, 1),
	(221, 3, 2, 11, 1, 13, 1, 1),
	(222, 3, 2, 11, 1, 14, 2, 1),
	(223, 3, 2, 11, 1, 15, 1, 1),
	(224, 3, 2, 11, 1, 16, 1, 1),
	(225, 3, 2, 12, 1, 13, 1, 1),
	(226, 3, 2, 12, 1, 14, 2, 1),
	(227, 3, 2, 12, 1, 15, 1, 1),
	(228, 3, 2, 12, 1, 16, 1, 1),
	(229, 3, 2, 13, 1, 14, 2, 1),
	(230, 3, 2, 13, 1, 15, 1, 1),
	(231, 3, 2, 13, 1, 16, 1, 1),
	(232, 3, 2, 14, 2, 15, 2, 1),
	(233, 3, 2, 14, 2, 16, 2, 1),
	(234, 3, 2, 15, 1, 16, 1, 1),
	(280, 3, 2, 17, 1, 18, 1, 1),
	(281, 3, 2, 17, 1, 19, 1, 1),
	(282, 3, 2, 17, 1, 20, 1, 1),
	(283, 3, 2, 17, 1, 21, 1, 1),
	(284, 3, 2, 17, 1, 22, 1, 1),
	(285, 3, 2, 18, 1, 19, 1, 1),
	(286, 3, 2, 18, 1, 20, 1, 1),
	(287, 3, 2, 18, 1, 21, 1, 1),
	(288, 3, 2, 18, 1, 22, 1, 1),
	(289, 3, 2, 19, 1, 20, 1, 1),
	(290, 3, 2, 19, 1, 21, 1, 1),
	(291, 3, 2, 19, 1, 22, 1, 1),
	(292, 3, 2, 20, 1, 21, 1, 1),
	(293, 3, 2, 20, 1, 22, 1, 1),
	(294, 3, 2, 21, 1, 22, 1, 1),
	(310, 2, 1, 1, 2, 2, 3, 1),
	(311, 2, 1, 1, 1, 3, 2, 1),
	(312, 2, 1, 2, 1, 3, 3, 1),
	(343, 2, 2, 1, 2, 2, 2, 1),
	(344, 2, 2, 1, 2, 3, 3, 1),
	(345, 2, 2, 1, 2, 4, 3, 1),
	(346, 2, 2, 1, 2, 5, 2, 1),
	(347, 2, 2, 1, 1, 6, 1, 1),
	(348, 2, 2, 2, 1, 3, 1, 1),
	(349, 2, 2, 2, 1, 4, 1, 1),
	(350, 2, 2, 2, 1, 5, 1, 1),
	(351, 2, 2, 2, 1, 6, 2, 1),
	(352, 2, 2, 3, 1, 4, 1, 1),
	(353, 2, 2, 3, 1, 5, 2, 1),
	(354, 2, 2, 3, 1, 6, 2, 1),
	(355, 2, 2, 4, 1, 5, 1, 1),
	(356, 2, 2, 4, 1, 6, 2, 1),
	(357, 2, 2, 5, 1, 6, 2, 1);
/*!40000 ALTER TABLE `bobot` ENABLE KEYS */;

-- Dumping structure for table libqualnol.criteria
CREATE TABLE IF NOT EXISTS `criteria` (
  `id_criteria` int(10) NOT NULL AUTO_INCREMENT,
  `criteria` tinytext,
  `status_criteria` int(1) DEFAULT NULL,
  PRIMARY KEY (`id_criteria`)
) ENGINE=InnoDB AUTO_INCREMENT=4 DEFAULT CHARSET=latin1;

-- Dumping data for table libqualnol.criteria: ~3 rows (approximately)
/*!40000 ALTER TABLE `criteria` DISABLE KEYS */;
INSERT INTO `criteria` (`id_criteria`, `criteria`, `status_criteria`) VALUES
	(1, 'Aspect of Service', 1),
	(2, 'Information Control', 2),
	(3, 'Library as Place', 3);
/*!40000 ALTER TABLE `criteria` ENABLE KEYS */;

-- Dumping structure for table libqualnol.diskretisasi
CREATE TABLE IF NOT EXISTS `diskretisasi` (
  `id_diskretisasi` int(11) NOT NULL AUTO_INCREMENT,
  `diskretisasi` tinytext,
  `diskretisasi_panjang` tinytext,
  `batas_akhir` double DEFAULT NULL,
  PRIMARY KEY (`id_diskretisasi`)
) ENGINE=InnoDB AUTO_INCREMENT=6 DEFAULT CHARSET=latin1;

-- Dumping data for table libqualnol.diskretisasi: ~5 rows (approximately)
/*!40000 ALTER TABLE `diskretisasi` DISABLE KEYS */;
INSERT INTO `diskretisasi` (`id_diskretisasi`, `diskretisasi`, `diskretisasi_panjang`, `batas_akhir`) VALUES
	(1, 'STP', 'Sangat Tidak Puas', 2.5),
	(2, 'TP', 'Tidak Puas', 4.5),
	(3, 'CP', 'Cukup Puas', 6),
	(4, 'P', 'Puas', 7.5),
	(5, 'SP', 'Sangat Puas', 9);
/*!40000 ALTER TABLE `diskretisasi` ENABLE KEYS */;

-- Dumping structure for table libqualnol.jawaban
CREATE TABLE IF NOT EXISTS `jawaban` (
  `id_responden_fk` int(10) NOT NULL,
  `id_subcriteria_fk` int(10) NOT NULL,
  `tipe` int(1) NOT NULL,
  `jawaban` tinytext,
  PRIMARY KEY (`id_responden_fk`,`id_subcriteria_fk`,`tipe`)
) ENGINE=InnoDB DEFAULT CHARSET=latin1;

-- Dumping data for table libqualnol.jawaban: ~2,200 rows (approximately)
/*!40000 ALTER TABLE `jawaban` DISABLE KEYS */;
INSERT INTO `jawaban` (`id_responden_fk`, `id_subcriteria_fk`, `tipe`, `jawaban`) VALUES
	(57, 1, 1, '7'),
	(57, 1, 2, '8'),
	(57, 2, 1, '9'),
	(57, 2, 2, '9'),
	(57, 3, 1, '8'),
	(57, 3, 2, '9'),
	(57, 4, 1, '8'),
	(57, 4, 2, '8.5'),
	(57, 5, 1, '9'),
	(57, 5, 2, '9'),
	(57, 6, 1, '9'),
	(57, 6, 2, '9'),
	(57, 7, 1, '7'),
	(57, 7, 2, '9'),
	(57, 8, 1, '8'),
	(57, 8, 2, '8'),
	(57, 9, 1, '9'),
	(57, 9, 2, '9'),
	(57, 10, 1, '7'),
	(57, 10, 2, '7'),
	(57, 11, 1, '9'),
	(57, 11, 2, '9'),
	(57, 12, 1, '7'),
	(57, 12, 2, '7'),
	(57, 13, 1, '6'),
	(57, 13, 2, '9'),
	(57, 14, 1, '9'),
	(57, 14, 2, '9'),
	(57, 15, 1, '8'),
	(57, 15, 2, '9'),
	(57, 16, 1, '9'),
	(57, 16, 2, '9'),
	(57, 17, 1, '8'),
	(57, 17, 2, '8'),
	(57, 18, 1, '8'),
	(57, 18, 2, '9'),
	(57, 19, 1, '7'),
	(57, 19, 2, '9'),
	(57, 20, 1, '9'),
	(57, 20, 2, '9'),
	(57, 21, 1, '9'),
	(57, 21, 2, '9'),
	(57, 22, 1, '9'),
	(57, 22, 2, '9'),
	(58, 1, 1, '8'),
	(58, 1, 2, '7'),
	(58, 2, 1, '8.5'),
	(58, 2, 2, '9'),
	(58, 3, 1, '8'),
	(58, 3, 2, '9'),
	(58, 4, 1, '8'),
	(58, 4, 2, '9'),
	(58, 5, 1, '8'),
	(58, 5, 2, '9'),
	(58, 6, 1, '8.5'),
	(58, 6, 2, '9'),
	(58, 7, 1, '6'),
	(58, 7, 2, '9'),
	(58, 8, 1, '8'),
	(58, 8, 2, '9'),
	(58, 9, 1, '8'),
	(58, 9, 2, '9'),
	(58, 10, 1, '7.5'),
	(58, 10, 2, '9'),
	(58, 11, 1, '8'),
	(58, 11, 2, '9'),
	(58, 12, 1, '8'),
	(58, 12, 2, '9'),
	(58, 13, 1, '4.5'),
	(58, 13, 2, '9'),
	(58, 14, 1, '8'),
	(58, 14, 2, '9'),
	(58, 15, 1, '8'),
	(58, 15, 2, '9'),
	(58, 16, 1, '8'),
	(58, 16, 2, '9'),
	(58, 17, 1, '8'),
	(58, 17, 2, '9'),
	(58, 18, 1, '8'),
	(58, 18, 2, '7'),
	(58, 19, 1, '8'),
	(58, 19, 2, '8.5'),
	(58, 20, 1, '8.5'),
	(58, 20, 2, '8.5'),
	(58, 21, 1, '8'),
	(58, 21, 2, '8'),
	(58, 22, 1, '8'),
	(58, 22, 2, '7'),
	(59, 1, 1, '9'),
	(59, 1, 2, '8'),
	(59, 2, 1, '9'),
	(59, 2, 2, '8'),
	(59, 3, 1, '9'),
	(59, 3, 2, '8'),
	(59, 4, 1, '9'),
	(59, 4, 2, '8'),
	(59, 5, 1, '9'),
	(59, 5, 2, '8'),
	(59, 6, 1, '9'),
	(59, 6, 2, '8'),
	(59, 7, 1, '5'),
	(59, 7, 2, '7'),
	(59, 8, 1, '7'),
	(59, 8, 2, '7'),
	(59, 9, 1, '7'),
	(59, 9, 2, '7'),
	(59, 10, 1, '8'),
	(59, 10, 2, '6.5'),
	(59, 11, 1, '8'),
	(59, 11, 2, '6.5'),
	(59, 12, 1, '7'),
	(59, 12, 2, '7.5'),
	(59, 13, 1, '5'),
	(59, 13, 2, '9'),
	(59, 14, 1, '7'),
	(59, 14, 2, '8'),
	(59, 15, 1, '7'),
	(59, 15, 2, '8'),
	(59, 16, 1, '8'),
	(59, 16, 2, '8'),
	(59, 17, 1, '9'),
	(59, 17, 2, '7'),
	(59, 18, 1, '9'),
	(59, 18, 2, '9'),
	(59, 19, 1, '8'),
	(59, 19, 2, '9'),
	(59, 20, 1, '8'),
	(59, 20, 2, '7.5'),
	(59, 21, 1, '9'),
	(59, 21, 2, '8'),
	(59, 22, 1, '9'),
	(59, 22, 2, '7.5'),
	(61, 1, 1, '9'),
	(61, 1, 2, '8'),
	(61, 2, 1, '8.5'),
	(61, 2, 2, '9'),
	(61, 3, 1, '7.5'),
	(61, 3, 2, '6.5'),
	(61, 4, 1, '8.5'),
	(61, 4, 2, '8.5'),
	(61, 5, 1, '6.5'),
	(61, 5, 2, '6'),
	(61, 6, 1, '9'),
	(61, 6, 2, '7'),
	(61, 7, 1, '4.5'),
	(61, 7, 2, '8.5'),
	(61, 8, 1, '7'),
	(61, 8, 2, '8.5'),
	(61, 9, 1, '8'),
	(61, 9, 2, '9'),
	(61, 10, 1, '8'),
	(61, 10, 2, '8'),
	(61, 11, 1, '9'),
	(61, 11, 2, '9'),
	(61, 12, 1, '9'),
	(61, 12, 2, '8.5'),
	(61, 13, 1, '6'),
	(61, 13, 2, '9'),
	(61, 14, 1, '8'),
	(61, 14, 2, '9'),
	(61, 15, 1, '8'),
	(61, 15, 2, '8'),
	(61, 16, 1, '9'),
	(61, 16, 2, '8.5'),
	(61, 17, 1, '9'),
	(61, 17, 2, '8.5'),
	(61, 18, 1, '9'),
	(61, 18, 2, '8.5'),
	(61, 19, 1, '9'),
	(61, 19, 2, '8.5'),
	(61, 20, 1, '9'),
	(61, 20, 2, '8.5'),
	(61, 21, 1, '6.5'),
	(61, 21, 2, '8.5'),
	(61, 22, 1, '8'),
	(61, 22, 2, '8.5'),
	(64, 1, 1, '8.5'),
	(64, 1, 2, '8.5'),
	(64, 2, 1, '8.5'),
	(64, 2, 2, '8.5'),
	(64, 3, 1, '8.5'),
	(64, 3, 2, '8.5'),
	(64, 4, 1, '8.5'),
	(64, 4, 2, '8.5'),
	(64, 5, 1, '8.5'),
	(64, 5, 2, '8.5'),
	(64, 6, 1, '8.5'),
	(64, 6, 2, '8.5'),
	(64, 7, 1, '6'),
	(64, 7, 2, '8.5'),
	(64, 8, 1, '7.5'),
	(64, 8, 2, '8.5'),
	(64, 9, 1, '7'),
	(64, 9, 2, '8.5'),
	(64, 10, 1, '8'),
	(64, 10, 2, '8.5'),
	(64, 11, 1, '7.5'),
	(64, 11, 2, '8.5'),
	(64, 12, 1, '7'),
	(64, 12, 2, '8.5'),
	(64, 13, 1, '4'),
	(64, 13, 2, '9'),
	(64, 14, 1, '8'),
	(64, 14, 2, '8.5'),
	(64, 15, 1, '8'),
	(64, 15, 2, '8.5'),
	(64, 16, 1, '7.5'),
	(64, 16, 2, '8.5'),
	(64, 17, 1, '8'),
	(64, 17, 2, '8.5'),
	(64, 18, 1, '8'),
	(64, 18, 2, '9'),
	(64, 19, 1, '7.5'),
	(64, 19, 2, '9'),
	(64, 20, 1, '8'),
	(64, 20, 2, '9'),
	(64, 21, 1, '8'),
	(64, 21, 2, '9'),
	(64, 22, 1, '6.5'),
	(64, 22, 2, '9'),
	(67, 1, 1, '9'),
	(67, 1, 2, '8'),
	(67, 2, 1, '8.5'),
	(67, 2, 2, '9'),
	(67, 3, 1, '9'),
	(67, 3, 2, '9'),
	(67, 4, 1, '8.5'),
	(67, 4, 2, '9'),
	(67, 5, 1, '8'),
	(67, 5, 2, '9'),
	(67, 6, 1, '9'),
	(67, 6, 2, '9'),
	(67, 7, 1, '6'),
	(67, 7, 2, '9'),
	(67, 8, 1, '8.5'),
	(67, 8, 2, '9'),
	(67, 9, 1, '8.5'),
	(67, 9, 2, '9'),
	(67, 10, 1, '9'),
	(67, 10, 2, '9'),
	(67, 11, 1, '9'),
	(67, 11, 2, '9'),
	(67, 12, 1, '9'),
	(67, 12, 2, '9'),
	(67, 13, 1, '5'),
	(67, 13, 2, '9'),
	(67, 14, 1, '8.5'),
	(67, 14, 2, '9'),
	(67, 15, 1, '8.5'),
	(67, 15, 2, '9'),
	(67, 16, 1, '8'),
	(67, 16, 2, '8.5'),
	(67, 17, 1, '9'),
	(67, 17, 2, '9'),
	(67, 18, 1, '9'),
	(67, 18, 2, '7'),
	(67, 19, 1, '9'),
	(67, 19, 2, '7'),
	(67, 20, 1, '9'),
	(67, 20, 2, '7'),
	(67, 21, 1, '9'),
	(67, 21, 2, '7'),
	(67, 22, 1, '9'),
	(67, 22, 2, '7'),
	(68, 1, 1, '8'),
	(68, 1, 2, '7'),
	(68, 2, 1, '8'),
	(68, 2, 2, '7'),
	(68, 3, 1, '7.5'),
	(68, 3, 2, '8'),
	(68, 4, 1, '8.5'),
	(68, 4, 2, '7'),
	(68, 5, 1, '8'),
	(68, 5, 2, '7'),
	(68, 6, 1, '8'),
	(68, 6, 2, '7'),
	(68, 7, 1, '7.5'),
	(68, 7, 2, '8.5'),
	(68, 8, 1, '7.5'),
	(68, 8, 2, '8'),
	(68, 9, 1, '6.5'),
	(68, 9, 2, '8'),
	(68, 10, 1, '8.5'),
	(68, 10, 2, '8'),
	(68, 11, 1, '7.5'),
	(68, 11, 2, '7.5'),
	(68, 12, 1, '7'),
	(68, 12, 2, '8'),
	(68, 13, 1, '7'),
	(68, 13, 2, '9'),
	(68, 14, 1, '8.5'),
	(68, 14, 2, '7'),
	(68, 15, 1, '8.5'),
	(68, 15, 2, '7'),
	(68, 16, 1, '7.5'),
	(68, 16, 2, '7'),
	(68, 17, 1, '8'),
	(68, 17, 2, '7'),
	(68, 18, 1, '8'),
	(68, 18, 2, '8.5'),
	(68, 19, 1, '8'),
	(68, 19, 2, '8.5'),
	(68, 20, 1, '8'),
	(68, 20, 2, '8.5'),
	(68, 21, 1, '8'),
	(68, 21, 2, '8.5'),
	(68, 22, 1, '8'),
	(68, 22, 2, '8.5'),
	(70, 1, 1, '7.5'),
	(70, 1, 2, '8'),
	(70, 2, 1, '9'),
	(70, 2, 2, '9'),
	(70, 3, 1, '9'),
	(70, 3, 2, '9'),
	(70, 4, 1, '9'),
	(70, 4, 2, '9'),
	(70, 5, 1, '9'),
	(70, 5, 2, '9'),
	(70, 6, 1, '7.5'),
	(70, 6, 2, '8'),
	(70, 7, 1, '4.5'),
	(70, 7, 2, '9'),
	(70, 8, 1, '7.5'),
	(70, 8, 2, '8.5'),
	(70, 9, 1, '7'),
	(70, 9, 2, '8'),
	(70, 10, 1, '9'),
	(70, 10, 2, '9'),
	(70, 11, 1, '6.5'),
	(70, 11, 2, '8'),
	(70, 12, 1, '6.5'),
	(70, 12, 2, '8'),
	(70, 13, 1, '5'),
	(70, 13, 2, '9'),
	(70, 14, 1, '9'),
	(70, 14, 2, '9'),
	(70, 15, 1, '9'),
	(70, 15, 2, '9'),
	(70, 16, 1, '8'),
	(70, 16, 2, '8'),
	(70, 17, 1, '9'),
	(70, 17, 2, '8.5'),
	(70, 18, 1, '9'),
	(70, 18, 2, '8.5'),
	(70, 19, 1, '9'),
	(70, 19, 2, '8.5'),
	(70, 20, 1, '9'),
	(70, 20, 2, '8.5'),
	(70, 21, 1, '9'),
	(70, 21, 2, '8'),
	(70, 22, 1, '9'),
	(70, 22, 2, '8.5'),
	(73, 1, 1, '7'),
	(73, 1, 2, '8'),
	(73, 2, 1, '7.5'),
	(73, 2, 2, '9'),
	(73, 3, 1, '7.5'),
	(73, 3, 2, '8.5'),
	(73, 4, 1, '7.5'),
	(73, 4, 2, '9'),
	(73, 5, 1, '7.5'),
	(73, 5, 2, '8.5'),
	(73, 6, 1, '7.5'),
	(73, 6, 2, '8.5'),
	(73, 7, 1, '5'),
	(73, 7, 2, '8.5'),
	(73, 8, 1, '6.5'),
	(73, 8, 2, '8.5'),
	(73, 9, 1, '7.5'),
	(73, 9, 2, '7'),
	(73, 10, 1, '7.5'),
	(73, 10, 2, '9'),
	(73, 11, 1, '6.5'),
	(73, 11, 2, '8.5'),
	(73, 12, 1, '6'),
	(73, 12, 2, '8'),
	(73, 13, 1, '5'),
	(73, 13, 2, '9'),
	(73, 14, 1, '7'),
	(73, 14, 2, '8.5'),
	(73, 15, 1, '6'),
	(73, 15, 2, '8'),
	(73, 16, 1, '6.5'),
	(73, 16, 2, '8'),
	(73, 17, 1, '7.5'),
	(73, 17, 2, '8.5'),
	(73, 18, 1, '7'),
	(73, 18, 2, '8.5'),
	(73, 19, 1, '7.5'),
	(73, 19, 2, '8.5'),
	(73, 20, 1, '7.5'),
	(73, 20, 2, '9'),
	(73, 21, 1, '7'),
	(73, 21, 2, '9'),
	(73, 22, 1, '7'),
	(73, 22, 2, '9'),
	(75, 1, 1, '7.5'),
	(75, 1, 2, '7'),
	(75, 2, 1, '7.5'),
	(75, 2, 2, '9'),
	(75, 3, 1, '7'),
	(75, 3, 2, '8.5'),
	(75, 4, 1, '6.5'),
	(75, 4, 2, '9'),
	(75, 5, 1, '6.5'),
	(75, 5, 2, '9'),
	(75, 6, 1, '7'),
	(75, 6, 2, '9'),
	(75, 7, 1, '5'),
	(75, 7, 2, '9'),
	(75, 8, 1, '7.5'),
	(75, 8, 2, '9'),
	(75, 9, 1, '6.5'),
	(75, 9, 2, '9'),
	(75, 10, 1, '6.5'),
	(75, 10, 2, '9'),
	(75, 11, 1, '7.5'),
	(75, 11, 2, '9'),
	(75, 12, 1, '6.5'),
	(75, 12, 2, '9'),
	(75, 13, 1, '4'),
	(75, 13, 2, '9'),
	(75, 14, 1, '7'),
	(75, 14, 2, '9'),
	(75, 15, 1, '6'),
	(75, 15, 2, '9'),
	(75, 16, 1, '6'),
	(75, 16, 2, '9'),
	(75, 17, 1, '8'),
	(75, 17, 2, '8.5'),
	(75, 18, 1, '8'),
	(75, 18, 2, '9'),
	(75, 19, 1, '7.5'),
	(75, 19, 2, '8.5'),
	(75, 20, 1, '7.5'),
	(75, 20, 2, '8.5'),
	(75, 21, 1, '8'),
	(75, 21, 2, '8.5'),
	(75, 22, 1, '7.5'),
	(75, 22, 2, '8.5'),
	(76, 1, 1, '8'),
	(76, 1, 2, '9'),
	(76, 2, 1, '8'),
	(76, 2, 2, '9'),
	(76, 3, 1, '8'),
	(76, 3, 2, '9'),
	(76, 4, 1, '8'),
	(76, 4, 2, '9'),
	(76, 5, 1, '8'),
	(76, 5, 2, '9'),
	(76, 6, 1, '8'),
	(76, 6, 2, '9'),
	(76, 7, 1, '5.5'),
	(76, 7, 2, '9'),
	(76, 8, 1, '6'),
	(76, 8, 2, '9'),
	(76, 9, 1, '8'),
	(76, 9, 2, '9'),
	(76, 10, 1, '9'),
	(76, 10, 2, '9'),
	(76, 11, 1, '8.5'),
	(76, 11, 2, '9'),
	(76, 12, 1, '5.5'),
	(76, 12, 2, '9'),
	(76, 13, 1, '4.5'),
	(76, 13, 2, '9'),
	(76, 14, 1, '8'),
	(76, 14, 2, '9'),
	(76, 15, 1, '8'),
	(76, 15, 2, '9'),
	(76, 16, 1, '8'),
	(76, 16, 2, '9'),
	(76, 17, 1, '8.5'),
	(76, 17, 2, '9'),
	(76, 18, 1, '8.5'),
	(76, 18, 2, '8.5'),
	(76, 19, 1, '8.5'),
	(76, 19, 2, '8'),
	(76, 20, 1, '8.5'),
	(76, 20, 2, '8.5'),
	(76, 21, 1, '8.5'),
	(76, 21, 2, '9'),
	(76, 22, 1, '8.5'),
	(76, 22, 2, '8.5'),
	(79, 1, 1, '7'),
	(79, 1, 2, '9'),
	(79, 2, 1, '6.5'),
	(79, 2, 2, '9'),
	(79, 3, 1, '6.5'),
	(79, 3, 2, '9'),
	(79, 4, 1, '7'),
	(79, 4, 2, '9'),
	(79, 5, 1, '6.5'),
	(79, 5, 2, '9'),
	(79, 6, 1, '7'),
	(79, 6, 2, '9'),
	(79, 7, 1, '5'),
	(79, 7, 2, '9'),
	(79, 8, 1, '5.5'),
	(79, 8, 2, '9'),
	(79, 9, 1, '4'),
	(79, 9, 2, '9'),
	(79, 10, 1, '6'),
	(79, 10, 2, '9'),
	(79, 11, 1, '6'),
	(79, 11, 2, '9'),
	(79, 12, 1, '5'),
	(79, 12, 2, '9'),
	(79, 13, 1, '5'),
	(79, 13, 2, '9'),
	(79, 14, 1, '7'),
	(79, 14, 2, '9'),
	(79, 15, 1, '7'),
	(79, 15, 2, '9'),
	(79, 16, 1, '6.5'),
	(79, 16, 2, '9'),
	(79, 17, 1, '7'),
	(79, 17, 2, '8'),
	(79, 18, 1, '7'),
	(79, 18, 2, '9'),
	(79, 19, 1, '7'),
	(79, 19, 2, '9'),
	(79, 20, 1, '6.5'),
	(79, 20, 2, '9'),
	(79, 21, 1, '7'),
	(79, 21, 2, '9'),
	(79, 22, 1, '6'),
	(79, 22, 2, '9'),
	(80, 1, 1, '8'),
	(80, 1, 2, '9'),
	(80, 2, 1, '8'),
	(80, 2, 2, '9'),
	(80, 3, 1, '8'),
	(80, 3, 2, '9'),
	(80, 4, 1, '8'),
	(80, 4, 2, '9'),
	(80, 5, 1, '8'),
	(80, 5, 2, '9'),
	(80, 6, 1, '8'),
	(80, 6, 2, '9'),
	(80, 7, 1, '7'),
	(80, 7, 2, '9'),
	(80, 8, 1, '5'),
	(80, 8, 2, '9'),
	(80, 9, 1, '7'),
	(80, 9, 2, '9'),
	(80, 10, 1, '7'),
	(80, 10, 2, '9'),
	(80, 11, 1, '6'),
	(80, 11, 2, '9'),
	(80, 12, 1, '7'),
	(80, 12, 2, '9'),
	(80, 13, 1, '5'),
	(80, 13, 2, '9'),
	(80, 14, 1, '7'),
	(80, 14, 2, '9'),
	(80, 15, 1, '7.5'),
	(80, 15, 2, '9'),
	(80, 16, 1, '7.5'),
	(80, 16, 2, '9'),
	(80, 17, 1, '8'),
	(80, 17, 2, '9'),
	(80, 18, 1, '8'),
	(80, 18, 2, '8.5'),
	(80, 19, 1, '8'),
	(80, 19, 2, '8'),
	(80, 20, 1, '7'),
	(80, 20, 2, '8'),
	(80, 21, 1, '7'),
	(80, 21, 2, '8.5'),
	(80, 22, 1, '7'),
	(80, 22, 2, '8'),
	(84, 1, 1, '8'),
	(84, 1, 2, '8'),
	(84, 2, 1, '7.5'),
	(84, 2, 2, '8'),
	(84, 3, 1, '8'),
	(84, 3, 2, '8.5'),
	(84, 4, 1, '8'),
	(84, 4, 2, '8.5'),
	(84, 5, 1, '7.5'),
	(84, 5, 2, '8'),
	(84, 6, 1, '7.5'),
	(84, 6, 2, '8'),
	(84, 7, 1, '5'),
	(84, 7, 2, '9'),
	(84, 8, 1, '4.5'),
	(84, 8, 2, '9'),
	(84, 9, 1, '7.5'),
	(84, 9, 2, '8'),
	(84, 10, 1, '8'),
	(84, 10, 2, '9'),
	(84, 11, 1, '7.5'),
	(84, 11, 2, '8'),
	(84, 12, 1, '7'),
	(84, 12, 2, '7.5'),
	(84, 13, 1, '5'),
	(84, 13, 2, '9'),
	(84, 14, 1, '7.5'),
	(84, 14, 2, '8'),
	(84, 15, 1, '8.5'),
	(84, 15, 2, '9'),
	(84, 16, 1, '7.5'),
	(84, 16, 2, '8'),
	(84, 17, 1, '8'),
	(84, 17, 2, '8.5'),
	(84, 18, 1, '8'),
	(84, 18, 2, '2.5'),
	(84, 19, 1, '7.5'),
	(84, 19, 2, '2.5'),
	(84, 20, 1, '7.5'),
	(84, 20, 2, '3.5'),
	(84, 21, 1, '8'),
	(84, 21, 2, '4.5'),
	(84, 22, 1, '7.5'),
	(84, 22, 2, '4.5'),
	(85, 1, 1, '9'),
	(85, 1, 2, '8'),
	(85, 2, 1, '9'),
	(85, 2, 2, '9'),
	(85, 3, 1, '9'),
	(85, 3, 2, '9'),
	(85, 4, 1, '9'),
	(85, 4, 2, '9'),
	(85, 5, 1, '9'),
	(85, 5, 2, '9'),
	(85, 6, 1, '9'),
	(85, 6, 2, '9'),
	(85, 7, 1, '5'),
	(85, 7, 2, '9'),
	(85, 8, 1, '5'),
	(85, 8, 2, '9'),
	(85, 9, 1, '5'),
	(85, 9, 2, '3'),
	(85, 10, 1, '5.5'),
	(85, 10, 2, '4'),
	(85, 11, 1, '6.5'),
	(85, 11, 2, '4'),
	(85, 12, 1, '5'),
	(85, 12, 2, '4'),
	(85, 13, 1, '4.5'),
	(85, 13, 2, '9'),
	(85, 14, 1, '6.5'),
	(85, 14, 2, '2.5'),
	(85, 15, 1, '6.5'),
	(85, 15, 2, '3'),
	(85, 16, 1, '7'),
	(85, 16, 2, '4'),
	(85, 17, 1, '7.5'),
	(85, 17, 2, '3.5'),
	(85, 18, 1, '5.5'),
	(85, 18, 2, '7.5'),
	(85, 19, 1, '6.5'),
	(85, 19, 2, '7.5'),
	(85, 20, 1, '5.5'),
	(85, 20, 2, '7.5'),
	(85, 21, 1, '7.5'),
	(85, 21, 2, '7.5'),
	(85, 22, 1, '7.5'),
	(85, 22, 2, '7.5'),
	(87, 1, 1, '8'),
	(87, 1, 2, '7'),
	(87, 2, 1, '7.5'),
	(87, 2, 2, '7'),
	(87, 3, 1, '8'),
	(87, 3, 2, '7'),
	(87, 4, 1, '8'),
	(87, 4, 2, '7'),
	(87, 5, 1, '7'),
	(87, 5, 2, '7'),
	(87, 6, 1, '8'),
	(87, 6, 2, '7'),
	(87, 7, 1, '4.5'),
	(87, 7, 2, '9'),
	(87, 8, 1, '6'),
	(87, 8, 2, '9'),
	(87, 9, 1, '6.5'),
	(87, 9, 2, '6.5'),
	(87, 10, 1, '7.5'),
	(87, 10, 2, '6.5'),
	(87, 11, 1, '7'),
	(87, 11, 2, '6.5'),
	(87, 12, 1, '7'),
	(87, 12, 2, '6.5'),
	(87, 13, 1, '5'),
	(87, 13, 2, '9'),
	(87, 14, 1, '7.5'),
	(87, 14, 2, '6.5'),
	(87, 15, 1, '8'),
	(87, 15, 2, '6.5'),
	(87, 16, 1, '6.5'),
	(87, 16, 2, '6.5'),
	(87, 17, 1, '8.5'),
	(87, 17, 2, '7.5'),
	(87, 18, 1, '8.5'),
	(87, 18, 2, '9'),
	(87, 19, 1, '8.5'),
	(87, 19, 2, '9'),
	(87, 20, 1, '8.5'),
	(87, 20, 2, '9'),
	(87, 21, 1, '8.5'),
	(87, 21, 2, '9'),
	(87, 22, 1, '7.5'),
	(87, 22, 2, '9'),
	(88, 1, 1, '7'),
	(88, 1, 2, '9'),
	(88, 2, 1, '6'),
	(88, 2, 2, '9'),
	(88, 3, 1, '5'),
	(88, 3, 2, '9'),
	(88, 4, 1, '6'),
	(88, 4, 2, '9'),
	(88, 5, 1, '5.5'),
	(88, 5, 2, '9'),
	(88, 6, 1, '7'),
	(88, 6, 2, '9'),
	(88, 7, 1, '5'),
	(88, 7, 2, '9'),
	(88, 8, 1, '4.5'),
	(88, 8, 2, '9'),
	(88, 9, 1, '4'),
	(88, 9, 2, '9'),
	(88, 10, 1, '8'),
	(88, 10, 2, '9'),
	(88, 11, 1, '7'),
	(88, 11, 2, '9'),
	(88, 12, 1, '7'),
	(88, 12, 2, '9'),
	(88, 13, 1, '5'),
	(88, 13, 2, '9'),
	(88, 14, 1, '6'),
	(88, 14, 2, '9'),
	(88, 15, 1, '6.5'),
	(88, 15, 2, '9'),
	(88, 16, 1, '3.5'),
	(88, 16, 2, '9'),
	(88, 17, 1, '7.5'),
	(88, 17, 2, '9'),
	(88, 18, 1, '8'),
	(88, 18, 2, '9'),
	(88, 19, 1, '8'),
	(88, 19, 2, '9'),
	(88, 20, 1, '7'),
	(88, 20, 2, '9'),
	(88, 21, 1, '7'),
	(88, 21, 2, '9'),
	(88, 22, 1, '6'),
	(88, 22, 2, '9'),
	(91, 1, 1, '7'),
	(91, 1, 2, '8'),
	(91, 2, 1, '8'),
	(91, 2, 2, '9'),
	(91, 3, 1, '8'),
	(91, 3, 2, '9'),
	(91, 4, 1, '8'),
	(91, 4, 2, '9'),
	(91, 5, 1, '7'),
	(91, 5, 2, '9'),
	(91, 6, 1, '8'),
	(91, 6, 2, '9'),
	(91, 7, 1, '6'),
	(91, 7, 2, '9'),
	(91, 8, 1, '5'),
	(91, 8, 2, '9'),
	(91, 9, 1, '7'),
	(91, 9, 2, '9'),
	(91, 10, 1, '8'),
	(91, 10, 2, '9'),
	(91, 11, 1, '8'),
	(91, 11, 2, '9'),
	(91, 12, 1, '8'),
	(91, 12, 2, '9'),
	(91, 13, 1, '5'),
	(91, 13, 2, '9'),
	(91, 14, 1, '7.5'),
	(91, 14, 2, '9'),
	(91, 15, 1, '8'),
	(91, 15, 2, '9'),
	(91, 16, 1, '8.5'),
	(91, 16, 2, '9'),
	(91, 17, 1, '7.5'),
	(91, 17, 2, '9'),
	(91, 18, 1, '7.5'),
	(91, 18, 2, '6.5'),
	(91, 19, 1, '7.5'),
	(91, 19, 2, '6.5'),
	(91, 20, 1, '8'),
	(91, 20, 2, '6.5'),
	(91, 21, 1, '8'),
	(91, 21, 2, '6.5'),
	(91, 22, 1, '8'),
	(91, 22, 2, '6.5'),
	(94, 1, 1, '8'),
	(94, 1, 2, '9'),
	(94, 2, 1, '8.5'),
	(94, 2, 2, '9'),
	(94, 3, 1, '9'),
	(94, 3, 2, '9'),
	(94, 4, 1, '7.5'),
	(94, 4, 2, '9'),
	(94, 5, 1, '8.5'),
	(94, 5, 2, '9'),
	(94, 6, 1, '8'),
	(94, 6, 2, '9'),
	(94, 7, 1, '5.5'),
	(94, 7, 2, '9'),
	(94, 8, 1, '6'),
	(94, 8, 2, '9'),
	(94, 9, 1, '5'),
	(94, 9, 2, '9'),
	(94, 10, 1, '5'),
	(94, 10, 2, '9'),
	(94, 11, 1, '7'),
	(94, 11, 2, '9'),
	(94, 12, 1, '8'),
	(94, 12, 2, '9'),
	(94, 13, 1, '5.5'),
	(94, 13, 2, '9'),
	(94, 14, 1, '8'),
	(94, 14, 2, '9'),
	(94, 15, 1, '8'),
	(94, 15, 2, '9'),
	(94, 16, 1, '8'),
	(94, 16, 2, '9'),
	(94, 17, 1, '8'),
	(94, 17, 2, '6.5'),
	(94, 18, 1, '8'),
	(94, 18, 2, '8.5'),
	(94, 19, 1, '8'),
	(94, 19, 2, '9'),
	(94, 20, 1, '8'),
	(94, 20, 2, '9'),
	(94, 21, 1, '8'),
	(94, 21, 2, '8'),
	(94, 22, 1, '8'),
	(94, 22, 2, '8.5'),
	(95, 1, 1, '6'),
	(95, 1, 2, '7.5'),
	(95, 2, 1, '6.5'),
	(95, 2, 2, '8'),
	(95, 3, 1, '6'),
	(95, 3, 2, '7.5'),
	(95, 4, 1, '7'),
	(95, 4, 2, '8'),
	(95, 5, 1, '6.5'),
	(95, 5, 2, '8.5'),
	(95, 6, 1, '7'),
	(95, 6, 2, '8.5'),
	(95, 7, 1, '7'),
	(95, 7, 2, '9'),
	(95, 8, 1, '4'),
	(95, 8, 2, '9'),
	(95, 9, 1, '6'),
	(95, 9, 2, '7.5'),
	(95, 10, 1, '7'),
	(95, 10, 2, '8.5'),
	(95, 11, 1, '7'),
	(95, 11, 2, '7.5'),
	(95, 12, 1, '7'),
	(95, 12, 2, '8'),
	(95, 13, 1, '5'),
	(95, 13, 2, '9'),
	(95, 14, 1, '6'),
	(95, 14, 2, '7.5'),
	(95, 15, 1, '6.5'),
	(95, 15, 2, '8.5'),
	(95, 16, 1, '7.5'),
	(95, 16, 2, '9'),
	(95, 17, 1, '8'),
	(95, 17, 2, '9'),
	(95, 18, 1, '7.5'),
	(95, 18, 2, '9'),
	(95, 19, 1, '7.5'),
	(95, 19, 2, '9'),
	(95, 20, 1, '7.5'),
	(95, 20, 2, '9'),
	(95, 21, 1, '7.5'),
	(95, 21, 2, '9'),
	(95, 22, 1, '7.5'),
	(95, 22, 2, '9'),
	(96, 1, 1, '4.5'),
	(96, 1, 2, '9'),
	(96, 2, 1, '7'),
	(96, 2, 2, '9'),
	(96, 3, 1, '5'),
	(96, 3, 2, '9'),
	(96, 4, 1, '5'),
	(96, 4, 2, '9'),
	(96, 5, 1, '5'),
	(96, 5, 2, '9'),
	(96, 6, 1, '5'),
	(96, 6, 2, '9'),
	(96, 7, 1, '7.5'),
	(96, 7, 2, '9'),
	(96, 8, 1, '5'),
	(96, 8, 2, '9'),
	(96, 9, 1, '2.5'),
	(96, 9, 2, '9'),
	(96, 10, 1, '6.5'),
	(96, 10, 2, '9'),
	(96, 11, 1, '5.5'),
	(96, 11, 2, '9'),
	(96, 12, 1, '7.5'),
	(96, 12, 2, '9'),
	(96, 13, 1, '4'),
	(96, 13, 2, '9'),
	(96, 14, 1, '6.5'),
	(96, 14, 2, '9'),
	(96, 15, 1, '5.5'),
	(96, 15, 2, '9'),
	(96, 16, 1, '8'),
	(96, 16, 2, '9'),
	(96, 17, 1, '7.5'),
	(96, 17, 2, '9'),
	(96, 18, 1, '9'),
	(96, 18, 2, '9'),
	(96, 19, 1, '7.5'),
	(96, 19, 2, '9'),
	(96, 20, 1, '7'),
	(96, 20, 2, '9'),
	(96, 21, 1, '6.5'),
	(96, 21, 2, '9'),
	(96, 22, 1, '7'),
	(96, 22, 2, '9'),
	(97, 1, 1, '5'),
	(97, 1, 2, '7.5'),
	(97, 2, 1, '7.5'),
	(97, 2, 2, '8.5'),
	(97, 3, 1, '7.5'),
	(97, 3, 2, '9'),
	(97, 4, 1, '6'),
	(97, 4, 2, '9'),
	(97, 5, 1, '8'),
	(97, 5, 2, '9'),
	(97, 6, 1, '7'),
	(97, 6, 2, '9'),
	(97, 7, 1, '6'),
	(97, 7, 2, '9'),
	(97, 8, 1, '7'),
	(97, 8, 2, '9'),
	(97, 9, 1, '6'),
	(97, 9, 2, '7.5'),
	(97, 10, 1, '9'),
	(97, 10, 2, '9'),
	(97, 11, 1, '5'),
	(97, 11, 2, '6.5'),
	(97, 12, 1, '6'),
	(97, 12, 2, '9'),
	(97, 13, 1, '6'),
	(97, 13, 2, '9'),
	(97, 14, 1, '7.5'),
	(97, 14, 2, '7.5'),
	(97, 15, 1, '7.5'),
	(97, 15, 2, '7.5'),
	(97, 16, 1, '6'),
	(97, 16, 2, '7.5'),
	(97, 17, 1, '3'),
	(97, 17, 2, '9'),
	(97, 18, 1, '3'),
	(97, 18, 2, '9'),
	(97, 19, 1, '9'),
	(97, 19, 2, '9'),
	(97, 20, 1, '5'),
	(97, 20, 2, '9'),
	(97, 21, 1, '5'),
	(97, 21, 2, '9'),
	(97, 22, 1, '9'),
	(97, 22, 2, '9'),
	(98, 1, 1, '9'),
	(98, 1, 2, '8'),
	(98, 2, 1, '9'),
	(98, 2, 2, '9'),
	(98, 3, 1, '9'),
	(98, 3, 2, '9'),
	(98, 4, 1, '6'),
	(98, 4, 2, '9'),
	(98, 5, 1, '9'),
	(98, 5, 2, '9'),
	(98, 6, 1, '9'),
	(98, 6, 2, '9'),
	(98, 7, 1, '5'),
	(98, 7, 2, '9'),
	(98, 8, 1, '5'),
	(98, 8, 2, '9'),
	(98, 9, 1, '5.5'),
	(98, 9, 2, '8'),
	(98, 10, 1, '5.5'),
	(98, 10, 2, '7'),
	(98, 11, 1, '6'),
	(98, 11, 2, '9'),
	(98, 12, 1, '5'),
	(98, 12, 2, '9'),
	(98, 13, 1, '5'),
	(98, 13, 2, '9'),
	(98, 14, 1, '5'),
	(98, 14, 2, '9'),
	(98, 15, 1, '7'),
	(98, 15, 2, '9'),
	(98, 16, 1, '9'),
	(98, 16, 2, '9'),
	(98, 17, 1, '8.5'),
	(98, 17, 2, '9'),
	(98, 18, 1, '9'),
	(98, 18, 2, '8.5'),
	(98, 19, 1, '9'),
	(98, 19, 2, '8.5'),
	(98, 20, 1, '9'),
	(98, 20, 2, '8'),
	(98, 21, 1, '9'),
	(98, 21, 2, '8.5'),
	(98, 22, 1, '9'),
	(98, 22, 2, '9'),
	(99, 1, 1, '8'),
	(99, 1, 2, '8'),
	(99, 2, 1, '7.5'),
	(99, 2, 2, '9'),
	(99, 3, 1, '9'),
	(99, 3, 2, '9'),
	(99, 4, 1, '8'),
	(99, 4, 2, '8.5'),
	(99, 5, 1, '8.5'),
	(99, 5, 2, '9'),
	(99, 6, 1, '9'),
	(99, 6, 2, '9'),
	(99, 7, 1, '6'),
	(99, 7, 2, '9'),
	(99, 8, 1, '5'),
	(99, 8, 2, '9'),
	(99, 9, 1, '8.5'),
	(99, 9, 2, '9'),
	(99, 10, 1, '8.5'),
	(99, 10, 2, '8.5'),
	(99, 11, 1, '8'),
	(99, 11, 2, '8.5'),
	(99, 12, 1, '9'),
	(99, 12, 2, '9'),
	(99, 13, 1, '4.5'),
	(99, 13, 2, '9'),
	(99, 14, 1, '8'),
	(99, 14, 2, '9'),
	(99, 15, 1, '9'),
	(99, 15, 2, '9'),
	(99, 16, 1, '9'),
	(99, 16, 2, '9'),
	(99, 17, 1, '9'),
	(99, 17, 2, '9'),
	(99, 18, 1, '8.5'),
	(99, 18, 2, '9'),
	(99, 19, 1, '8.5'),
	(99, 19, 2, '9'),
	(99, 20, 1, '8'),
	(99, 20, 2, '9'),
	(99, 21, 1, '8.5'),
	(99, 21, 2, '9'),
	(99, 22, 1, '9'),
	(99, 22, 2, '9'),
	(100, 1, 1, '8'),
	(100, 1, 2, '8.5'),
	(100, 2, 1, '8'),
	(100, 2, 2, '8.5'),
	(100, 3, 1, '8'),
	(100, 3, 2, '9'),
	(100, 4, 1, '8'),
	(100, 4, 2, '9'),
	(100, 5, 1, '8'),
	(100, 5, 2, '8.5'),
	(100, 6, 1, '7.5'),
	(100, 6, 2, '8'),
	(100, 7, 1, '5'),
	(100, 7, 2, '9'),
	(100, 8, 1, '6'),
	(100, 8, 2, '9'),
	(100, 9, 1, '7'),
	(100, 9, 2, '7.5'),
	(100, 10, 1, '8.5'),
	(100, 10, 2, '9'),
	(100, 11, 1, '8'),
	(100, 11, 2, '8.5'),
	(100, 12, 1, '7'),
	(100, 12, 2, '8'),
	(100, 13, 1, '5'),
	(100, 13, 2, '9'),
	(100, 14, 1, '7.5'),
	(100, 14, 2, '8'),
	(100, 15, 1, '8'),
	(100, 15, 2, '8.5'),
	(100, 16, 1, '8'),
	(100, 16, 2, '8.5'),
	(100, 17, 1, '8.5'),
	(100, 17, 2, '9'),
	(100, 18, 1, '8.5'),
	(100, 18, 2, '9'),
	(100, 19, 1, '8.5'),
	(100, 19, 2, '9'),
	(100, 20, 1, '8.5'),
	(100, 20, 2, '9'),
	(100, 21, 1, '8.5'),
	(100, 21, 2, '9'),
	(100, 22, 1, '8.5'),
	(100, 22, 2, '9'),
	(102, 1, 1, '8'),
	(102, 1, 2, '8'),
	(102, 2, 1, '8'),
	(102, 2, 2, '9'),
	(102, 3, 1, '8'),
	(102, 3, 2, '9'),
	(102, 4, 1, '8'),
	(102, 4, 2, '9'),
	(102, 5, 1, '8'),
	(102, 5, 2, '9'),
	(102, 6, 1, '8'),
	(102, 6, 2, '9'),
	(102, 7, 1, '3.5'),
	(102, 7, 2, '9'),
	(102, 8, 1, '4.5'),
	(102, 8, 2, '9'),
	(102, 9, 1, '8'),
	(102, 9, 2, '9'),
	(102, 10, 1, '8'),
	(102, 10, 2, '9'),
	(102, 11, 1, '8'),
	(102, 11, 2, '9'),
	(102, 12, 1, '8'),
	(102, 12, 2, '9'),
	(102, 13, 1, '6'),
	(102, 13, 2, '9'),
	(102, 14, 1, '8'),
	(102, 14, 2, '9'),
	(102, 15, 1, '8'),
	(102, 15, 2, '9'),
	(102, 16, 1, '8'),
	(102, 16, 2, '9'),
	(102, 17, 1, '8'),
	(102, 17, 2, '9'),
	(102, 18, 1, '8'),
	(102, 18, 2, '8'),
	(102, 19, 1, '8.5'),
	(102, 19, 2, '9'),
	(102, 20, 1, '8'),
	(102, 20, 2, '8.5'),
	(102, 21, 1, '8'),
	(102, 21, 2, '8'),
	(102, 22, 1, '8'),
	(102, 22, 2, '8'),
	(103, 1, 1, '8'),
	(103, 1, 2, '8'),
	(103, 2, 1, '8'),
	(103, 2, 2, '9'),
	(103, 3, 1, '8'),
	(103, 3, 2, '8'),
	(103, 4, 1, '8'),
	(103, 4, 2, '8'),
	(103, 5, 1, '9'),
	(103, 5, 2, '8.5'),
	(103, 6, 1, '8'),
	(103, 6, 2, '8.5'),
	(103, 7, 1, '5'),
	(103, 7, 2, '9'),
	(103, 8, 1, '5'),
	(103, 8, 2, '9'),
	(103, 9, 1, '7'),
	(103, 9, 2, '7.5'),
	(103, 10, 1, '8.5'),
	(103, 10, 2, '9'),
	(103, 11, 1, '8'),
	(103, 11, 2, '8'),
	(103, 12, 1, '8'),
	(103, 12, 2, '8.5'),
	(103, 13, 1, '5.5'),
	(103, 13, 2, '9'),
	(103, 14, 1, '8'),
	(103, 14, 2, '8'),
	(103, 15, 1, '7'),
	(103, 15, 2, '8'),
	(103, 16, 1, '7'),
	(103, 16, 2, '8'),
	(103, 17, 1, '8'),
	(103, 17, 2, '8'),
	(103, 18, 1, '8'),
	(103, 18, 2, '9'),
	(103, 19, 1, '8'),
	(103, 19, 2, '9'),
	(103, 20, 1, '8'),
	(103, 20, 2, '9'),
	(103, 21, 1, '8'),
	(103, 21, 2, '9'),
	(103, 22, 1, '8'),
	(103, 22, 2, '9'),
	(104, 1, 1, '7.5'),
	(104, 1, 2, '8'),
	(104, 2, 1, '8'),
	(104, 2, 2, '9'),
	(104, 3, 1, '7'),
	(104, 3, 2, '9'),
	(104, 4, 1, '7'),
	(104, 4, 2, '9'),
	(104, 5, 1, '6.5'),
	(104, 5, 2, '9'),
	(104, 6, 1, '8'),
	(104, 6, 2, '9'),
	(104, 7, 1, '6'),
	(104, 7, 2, '9'),
	(104, 8, 1, '5'),
	(104, 8, 2, '9'),
	(104, 9, 1, '5.5'),
	(104, 9, 2, '9'),
	(104, 10, 1, '7'),
	(104, 10, 2, '9'),
	(104, 11, 1, '8.5'),
	(104, 11, 2, '9'),
	(104, 12, 1, '8.5'),
	(104, 12, 2, '9'),
	(104, 13, 1, '4.5'),
	(104, 13, 2, '9'),
	(104, 14, 1, '8'),
	(104, 14, 2, '9'),
	(104, 15, 1, '7.5'),
	(104, 15, 2, '9'),
	(104, 16, 1, '7'),
	(104, 16, 2, '9'),
	(104, 17, 1, '7.5'),
	(104, 17, 2, '9'),
	(104, 18, 1, '8'),
	(104, 18, 2, '8'),
	(104, 19, 1, '7.5'),
	(104, 19, 2, '8'),
	(104, 20, 1, '7'),
	(104, 20, 2, '8'),
	(104, 21, 1, '7.5'),
	(104, 21, 2, '8'),
	(104, 22, 1, '7'),
	(104, 22, 2, '8'),
	(105, 1, 1, '8'),
	(105, 1, 2, '8'),
	(105, 2, 1, '8'),
	(105, 2, 2, '8'),
	(105, 3, 1, '8'),
	(105, 3, 2, '8'),
	(105, 4, 1, '8'),
	(105, 4, 2, '8'),
	(105, 5, 1, '8'),
	(105, 5, 2, '8'),
	(105, 6, 1, '8'),
	(105, 6, 2, '8'),
	(105, 7, 1, '5.5'),
	(105, 7, 2, '9'),
	(105, 8, 1, '5'),
	(105, 8, 2, '9'),
	(105, 9, 1, '7'),
	(105, 9, 2, '7'),
	(105, 10, 1, '8'),
	(105, 10, 2, '8'),
	(105, 11, 1, '8'),
	(105, 11, 2, '8'),
	(105, 12, 1, '8'),
	(105, 12, 2, '8'),
	(105, 13, 1, '5'),
	(105, 13, 2, '9'),
	(105, 14, 1, '7'),
	(105, 14, 2, '7'),
	(105, 15, 1, '6'),
	(105, 15, 2, '6'),
	(105, 16, 1, '8'),
	(105, 16, 2, '8'),
	(105, 17, 1, '9'),
	(105, 17, 2, '9'),
	(105, 18, 1, '8'),
	(105, 18, 2, '9'),
	(105, 19, 1, '8'),
	(105, 19, 2, '8.5'),
	(105, 20, 1, '8'),
	(105, 20, 2, '9'),
	(105, 21, 1, '8'),
	(105, 21, 2, '8.5'),
	(105, 22, 1, '8'),
	(105, 22, 2, '8.5'),
	(107, 1, 1, '7'),
	(107, 1, 2, '8'),
	(107, 2, 1, '7.5'),
	(107, 2, 2, '8.5'),
	(107, 3, 1, '7.5'),
	(107, 3, 2, '8'),
	(107, 4, 1, '7.5'),
	(107, 4, 2, '8'),
	(107, 5, 1, '7'),
	(107, 5, 2, '7.5'),
	(107, 6, 1, '7'),
	(107, 6, 2, '7.5'),
	(107, 7, 1, '5'),
	(107, 7, 2, '9'),
	(107, 8, 1, '6'),
	(107, 8, 2, '9'),
	(107, 9, 1, '7'),
	(107, 9, 2, '7.5'),
	(107, 10, 1, '8'),
	(107, 10, 2, '8.5'),
	(107, 11, 1, '7.5'),
	(107, 11, 2, '8'),
	(107, 12, 1, '7.5'),
	(107, 12, 2, '8'),
	(107, 13, 1, '5'),
	(107, 13, 2, '9'),
	(107, 14, 1, '7.5'),
	(107, 14, 2, '8'),
	(107, 15, 1, '8'),
	(107, 15, 2, '9'),
	(107, 16, 1, '8'),
	(107, 16, 2, '9'),
	(107, 17, 1, '8.5'),
	(107, 17, 2, '9'),
	(107, 18, 1, '8.5'),
	(107, 18, 2, '8'),
	(107, 19, 1, '8'),
	(107, 19, 2, '8'),
	(107, 20, 1, '8.5'),
	(107, 20, 2, '8'),
	(107, 21, 1, '8'),
	(107, 21, 2, '8'),
	(107, 22, 1, '8'),
	(107, 22, 2, '8'),
	(109, 1, 1, '8'),
	(109, 1, 2, '8'),
	(109, 2, 1, '8'),
	(109, 2, 2, '8.5'),
	(109, 3, 1, '8.5'),
	(109, 3, 2, '8.5'),
	(109, 4, 1, '8.5'),
	(109, 4, 2, '8'),
	(109, 5, 1, '8.5'),
	(109, 5, 2, '8'),
	(109, 6, 1, '8'),
	(109, 6, 2, '8'),
	(109, 7, 1, '4.5'),
	(109, 7, 2, '9'),
	(109, 8, 1, '5'),
	(109, 8, 2, '9'),
	(109, 9, 1, '8.5'),
	(109, 9, 2, '8'),
	(109, 10, 1, '8'),
	(109, 10, 2, '7.5'),
	(109, 11, 1, '7.5'),
	(109, 11, 2, '8'),
	(109, 12, 1, '8'),
	(109, 12, 2, '8'),
	(109, 13, 1, '5.5'),
	(109, 13, 2, '9'),
	(109, 14, 1, '8.5'),
	(109, 14, 2, '8'),
	(109, 15, 1, '8'),
	(109, 15, 2, '8.5'),
	(109, 16, 1, '8'),
	(109, 16, 2, '8.5'),
	(109, 17, 1, '8'),
	(109, 17, 2, '8'),
	(109, 18, 1, '8.5'),
	(109, 18, 2, '8'),
	(109, 19, 1, '8'),
	(109, 19, 2, '7.5'),
	(109, 20, 1, '8'),
	(109, 20, 2, '8.5'),
	(109, 21, 1, '7.5'),
	(109, 21, 2, '9'),
	(109, 22, 1, '8'),
	(109, 22, 2, '9'),
	(110, 1, 1, '7.5'),
	(110, 1, 2, '8'),
	(110, 2, 1, '8'),
	(110, 2, 2, '8'),
	(110, 3, 1, '8'),
	(110, 3, 2, '7.5'),
	(110, 4, 1, '8'),
	(110, 4, 2, '8'),
	(110, 5, 1, '7.5'),
	(110, 5, 2, '7'),
	(110, 6, 1, '7.5'),
	(110, 6, 2, '7.5'),
	(110, 7, 1, '5'),
	(110, 7, 2, '9'),
	(110, 8, 1, '5'),
	(110, 8, 2, '9'),
	(110, 9, 1, '7.5'),
	(110, 9, 2, '7.5'),
	(110, 10, 1, '8'),
	(110, 10, 2, '8'),
	(110, 11, 1, '9'),
	(110, 11, 2, '8.5'),
	(110, 12, 1, '8'),
	(110, 12, 2, '9'),
	(110, 13, 1, '5'),
	(110, 13, 2, '9'),
	(110, 14, 1, '8'),
	(110, 14, 2, '8.5'),
	(110, 15, 1, '8.5'),
	(110, 15, 2, '8.5'),
	(110, 16, 1, '8'),
	(110, 16, 2, '8'),
	(110, 17, 1, '8'),
	(110, 17, 2, '8'),
	(110, 18, 1, '8'),
	(110, 18, 2, '9'),
	(110, 19, 1, '7.5'),
	(110, 19, 2, '9'),
	(110, 20, 1, '8.5'),
	(110, 20, 2, '9'),
	(110, 21, 1, '8'),
	(110, 21, 2, '9'),
	(110, 22, 1, '7.5'),
	(110, 22, 2, '8.5'),
	(111, 1, 1, '8'),
	(111, 1, 2, '7'),
	(111, 2, 1, '8'),
	(111, 2, 2, '9'),
	(111, 3, 1, '7.5'),
	(111, 3, 2, '9'),
	(111, 4, 1, '8'),
	(111, 4, 2, '9'),
	(111, 5, 1, '7.5'),
	(111, 5, 2, '9'),
	(111, 6, 1, '8.5'),
	(111, 6, 2, '9'),
	(111, 7, 1, '5.5'),
	(111, 7, 2, '9'),
	(111, 8, 1, '6'),
	(111, 8, 2, '9'),
	(111, 9, 1, '7'),
	(111, 9, 2, '7.5'),
	(111, 10, 1, '7'),
	(111, 10, 2, '8'),
	(111, 11, 1, '7.5'),
	(111, 11, 2, '8.5'),
	(111, 12, 1, '7'),
	(111, 12, 2, '8.5'),
	(111, 13, 1, '5'),
	(111, 13, 2, '9'),
	(111, 14, 1, '8.5'),
	(111, 14, 2, '9'),
	(111, 15, 1, '8'),
	(111, 15, 2, '9'),
	(111, 16, 1, '8.5'),
	(111, 16, 2, '9'),
	(111, 17, 1, '9'),
	(111, 17, 2, '9'),
	(111, 18, 1, '8.5'),
	(111, 18, 2, '7'),
	(111, 19, 1, '8.5'),
	(111, 19, 2, '7'),
	(111, 20, 1, '8'),
	(111, 20, 2, '7'),
	(111, 21, 1, '8.5'),
	(111, 21, 2, '7'),
	(111, 22, 1, '7.5'),
	(111, 22, 2, '7'),
	(112, 1, 1, '7.5'),
	(112, 1, 2, '8'),
	(112, 2, 1, '5'),
	(112, 2, 2, '9'),
	(112, 3, 1, '5'),
	(112, 3, 2, '9'),
	(112, 4, 1, '8'),
	(112, 4, 2, '9'),
	(112, 5, 1, '5'),
	(112, 5, 2, '9'),
	(112, 6, 1, '6'),
	(112, 6, 2, '9'),
	(112, 7, 1, '4.5'),
	(112, 7, 2, '9'),
	(112, 8, 1, '5.5'),
	(112, 8, 2, '9'),
	(112, 9, 1, '3'),
	(112, 9, 2, '9'),
	(112, 10, 1, '4'),
	(112, 10, 2, '9'),
	(112, 11, 1, '3'),
	(112, 11, 2, '9'),
	(112, 12, 1, '9'),
	(112, 12, 2, '9'),
	(112, 13, 1, '5'),
	(112, 13, 2, '9'),
	(112, 14, 1, '8'),
	(112, 14, 2, '9'),
	(112, 15, 1, '5'),
	(112, 15, 2, '9'),
	(112, 16, 1, '9'),
	(112, 16, 2, '9'),
	(112, 17, 1, '7'),
	(112, 17, 2, '7'),
	(112, 18, 1, '7'),
	(112, 18, 2, '9'),
	(112, 19, 1, '5'),
	(112, 19, 2, '9'),
	(112, 20, 1, '7'),
	(112, 20, 2, '9'),
	(112, 21, 1, '7'),
	(112, 21, 2, '9'),
	(112, 22, 1, '3'),
	(112, 22, 2, '9'),
	(115, 1, 1, '8'),
	(115, 1, 2, '9'),
	(115, 2, 1, '8.5'),
	(115, 2, 2, '9'),
	(115, 3, 1, '7'),
	(115, 3, 2, '8'),
	(115, 4, 1, '8.5'),
	(115, 4, 2, '9'),
	(115, 5, 1, '9'),
	(115, 5, 2, '9'),
	(115, 6, 1, '7.5'),
	(115, 6, 2, '9'),
	(115, 7, 1, '5'),
	(115, 7, 2, '9'),
	(115, 8, 1, '5'),
	(115, 8, 2, '9'),
	(115, 9, 1, '7.5'),
	(115, 9, 2, '9'),
	(115, 10, 1, '7.5'),
	(115, 10, 2, '9'),
	(115, 11, 1, '6.5'),
	(115, 11, 2, '9'),
	(115, 12, 1, '5'),
	(115, 12, 2, '9'),
	(115, 13, 1, '5'),
	(115, 13, 2, '9'),
	(115, 14, 1, '8.5'),
	(115, 14, 2, '9'),
	(115, 15, 1, '8.5'),
	(115, 15, 2, '9'),
	(115, 16, 1, '9'),
	(115, 16, 2, '9'),
	(115, 17, 1, '9'),
	(115, 17, 2, '9'),
	(115, 18, 1, '9'),
	(115, 18, 2, '9'),
	(115, 19, 1, '7'),
	(115, 19, 2, '9'),
	(115, 20, 1, '9'),
	(115, 20, 2, '9'),
	(115, 21, 1, '8'),
	(115, 21, 2, '9'),
	(115, 22, 1, '8.5'),
	(115, 22, 2, '9'),
	(116, 1, 1, '8.5'),
	(116, 1, 2, '9'),
	(116, 2, 1, '8'),
	(116, 2, 2, '9'),
	(116, 3, 1, '8.5'),
	(116, 3, 2, '9'),
	(116, 4, 1, '8.5'),
	(116, 4, 2, '9'),
	(116, 5, 1, '8.5'),
	(116, 5, 2, '9'),
	(116, 6, 1, '8.5'),
	(116, 6, 2, '9'),
	(116, 7, 1, '3.5'),
	(116, 7, 2, '9'),
	(116, 8, 1, '6'),
	(116, 8, 2, '9'),
	(116, 9, 1, '8'),
	(116, 9, 2, '9'),
	(116, 10, 1, '8'),
	(116, 10, 2, '9'),
	(116, 11, 1, '8'),
	(116, 11, 2, '9'),
	(116, 12, 1, '5'),
	(116, 12, 2, '9'),
	(116, 13, 1, '5'),
	(116, 13, 2, '9'),
	(116, 14, 1, '7.5'),
	(116, 14, 2, '9'),
	(116, 15, 1, '8'),
	(116, 15, 2, '9'),
	(116, 16, 1, '8'),
	(116, 16, 2, '9'),
	(116, 17, 1, '8'),
	(116, 17, 2, '9'),
	(116, 18, 1, '8'),
	(116, 18, 2, '9'),
	(116, 19, 1, '8'),
	(116, 19, 2, '9'),
	(116, 20, 1, '8'),
	(116, 20, 2, '9'),
	(116, 21, 1, '5.5'),
	(116, 21, 2, '9'),
	(116, 22, 1, '8'),
	(116, 22, 2, '9'),
	(117, 1, 1, '8'),
	(117, 1, 2, '7'),
	(117, 2, 1, '9'),
	(117, 2, 2, '9'),
	(117, 3, 1, '9'),
	(117, 3, 2, '9'),
	(117, 4, 1, '9'),
	(117, 4, 2, '9'),
	(117, 5, 1, '9'),
	(117, 5, 2, '9'),
	(117, 6, 1, '9'),
	(117, 6, 2, '9'),
	(117, 7, 1, '3'),
	(117, 7, 2, '9'),
	(117, 8, 1, '5'),
	(117, 8, 2, '9'),
	(117, 9, 1, '6'),
	(117, 9, 2, '7.5'),
	(117, 10, 1, '9'),
	(117, 10, 2, '8'),
	(117, 11, 1, '7'),
	(117, 11, 2, '9'),
	(117, 12, 1, '1'),
	(117, 12, 2, '9'),
	(117, 13, 1, '5'),
	(117, 13, 2, '9'),
	(117, 14, 1, '8'),
	(117, 14, 2, '9'),
	(117, 15, 1, '9'),
	(117, 15, 2, '9'),
	(117, 16, 1, '7'),
	(117, 16, 2, '9'),
	(117, 17, 1, '7'),
	(117, 17, 2, '9'),
	(117, 18, 1, '9'),
	(117, 18, 2, '9'),
	(117, 19, 1, '9'),
	(117, 19, 2, '9'),
	(117, 20, 1, '8'),
	(117, 20, 2, '9'),
	(117, 21, 1, '9'),
	(117, 21, 2, '9'),
	(117, 22, 1, '9'),
	(117, 22, 2, '9'),
	(118, 1, 1, '7'),
	(118, 1, 2, '8'),
	(118, 2, 1, '8'),
	(118, 2, 2, '9'),
	(118, 3, 1, '7'),
	(118, 3, 2, '9'),
	(118, 4, 1, '7'),
	(118, 4, 2, '9'),
	(118, 5, 1, '7.5'),
	(118, 5, 2, '9'),
	(118, 6, 1, '8'),
	(118, 6, 2, '9'),
	(118, 7, 1, '6.5'),
	(118, 7, 2, '9'),
	(118, 8, 1, '5'),
	(118, 8, 2, '9'),
	(118, 9, 1, '7'),
	(118, 9, 2, '9'),
	(118, 10, 1, '7'),
	(118, 10, 2, '9'),
	(118, 11, 1, '6.5'),
	(118, 11, 2, '9'),
	(118, 12, 1, '6.5'),
	(118, 12, 2, '9'),
	(118, 13, 1, '5'),
	(118, 13, 2, '9'),
	(118, 14, 1, '7.5'),
	(118, 14, 2, '9'),
	(118, 15, 1, '8'),
	(118, 15, 2, '9'),
	(118, 16, 1, '7'),
	(118, 16, 2, '9'),
	(118, 17, 1, '6.5'),
	(118, 17, 2, '9'),
	(118, 18, 1, '7'),
	(118, 18, 2, '9'),
	(118, 19, 1, '7'),
	(118, 19, 2, '8'),
	(118, 20, 1, '7'),
	(118, 20, 2, '9'),
	(118, 21, 1, '7'),
	(118, 21, 2, '8.5'),
	(118, 22, 1, '6.5'),
	(118, 22, 2, '8'),
	(119, 1, 1, '8'),
	(119, 1, 2, '9'),
	(119, 2, 1, '7'),
	(119, 2, 2, '9'),
	(119, 3, 1, '7.5'),
	(119, 3, 2, '9'),
	(119, 4, 1, '7.5'),
	(119, 4, 2, '9'),
	(119, 5, 1, '6.5'),
	(119, 5, 2, '9'),
	(119, 6, 1, '7'),
	(119, 6, 2, '9'),
	(119, 7, 1, '7'),
	(119, 7, 2, '9'),
	(119, 8, 1, '4.5'),
	(119, 8, 2, '9'),
	(119, 9, 1, '5'),
	(119, 9, 2, '8'),
	(119, 10, 1, '8'),
	(119, 10, 2, '9'),
	(119, 11, 1, '7.5'),
	(119, 11, 2, '9'),
	(119, 12, 1, '9'),
	(119, 12, 2, '9'),
	(119, 13, 1, '5'),
	(119, 13, 2, '9'),
	(119, 14, 1, '7'),
	(119, 14, 2, '9'),
	(119, 15, 1, '6'),
	(119, 15, 2, '8'),
	(119, 16, 1, '7'),
	(119, 16, 2, '8'),
	(119, 17, 1, '8'),
	(119, 17, 2, '9'),
	(119, 18, 1, '8'),
	(119, 18, 2, '9'),
	(119, 19, 1, '7.5'),
	(119, 19, 2, '9'),
	(119, 20, 1, '9'),
	(119, 20, 2, '9'),
	(119, 21, 1, '8.5'),
	(119, 21, 2, '9'),
	(119, 22, 1, '7'),
	(119, 22, 2, '8'),
	(122, 1, 1, '8'),
	(122, 1, 2, '8.5'),
	(122, 2, 1, '8'),
	(122, 2, 2, '8'),
	(122, 3, 1, '7.5'),
	(122, 3, 2, '8'),
	(122, 4, 1, '8'),
	(122, 4, 2, '8'),
	(122, 5, 1, '7.5'),
	(122, 5, 2, '8'),
	(122, 6, 1, '7'),
	(122, 6, 2, '8'),
	(122, 7, 1, '5.5'),
	(122, 7, 2, '9'),
	(122, 8, 1, '5'),
	(122, 8, 2, '9'),
	(122, 9, 1, '7.5'),
	(122, 9, 2, '9'),
	(122, 10, 1, '8'),
	(122, 10, 2, '9'),
	(122, 11, 1, '8'),
	(122, 11, 2, '9'),
	(122, 12, 1, '8.5'),
	(122, 12, 2, '9'),
	(122, 13, 1, '5'),
	(122, 13, 2, '9'),
	(122, 14, 1, '7.5'),
	(122, 14, 2, '9'),
	(122, 15, 1, '8'),
	(122, 15, 2, '9'),
	(122, 16, 1, '7.5'),
	(122, 16, 2, '8.5'),
	(122, 17, 1, '8'),
	(122, 17, 2, '8.5'),
	(122, 18, 1, '9'),
	(122, 18, 2, '8.5'),
	(122, 19, 1, '8'),
	(122, 19, 2, '8'),
	(122, 20, 1, '8'),
	(122, 20, 2, '8'),
	(122, 21, 1, '8'),
	(122, 21, 2, '8.5'),
	(122, 22, 1, '7.5'),
	(122, 22, 2, '8'),
	(125, 1, 1, '6'),
	(125, 1, 2, '8'),
	(125, 2, 1, '7.5'),
	(125, 2, 2, '8'),
	(125, 3, 1, '4.5'),
	(125, 3, 2, '6.5'),
	(125, 4, 1, '6'),
	(125, 4, 2, '7.5'),
	(125, 5, 1, '8'),
	(125, 5, 2, '8'),
	(125, 6, 1, '6.5'),
	(125, 6, 2, '7.5'),
	(125, 7, 1, '5'),
	(125, 7, 2, '9'),
	(125, 8, 1, '6'),
	(125, 8, 2, '9'),
	(125, 9, 1, '5'),
	(125, 9, 2, '8'),
	(125, 10, 1, '6.5'),
	(125, 10, 2, '8'),
	(125, 11, 1, '8'),
	(125, 11, 2, '7.5'),
	(125, 12, 1, '7.5'),
	(125, 12, 2, '8'),
	(125, 13, 1, '5.5'),
	(125, 13, 2, '9'),
	(125, 14, 1, '5'),
	(125, 14, 2, '8'),
	(125, 15, 1, '6'),
	(125, 15, 2, '8'),
	(125, 16, 1, '6.5'),
	(125, 16, 2, '8'),
	(125, 17, 1, '8'),
	(125, 17, 2, '8.5'),
	(125, 18, 1, '8'),
	(125, 18, 2, '9'),
	(125, 19, 1, '7.5'),
	(125, 19, 2, '9'),
	(125, 20, 1, '7.5'),
	(125, 20, 2, '9'),
	(125, 21, 1, '8'),
	(125, 21, 2, '9'),
	(125, 22, 1, '7.5'),
	(125, 22, 2, '9'),
	(126, 1, 1, '7'),
	(126, 1, 2, '8'),
	(126, 2, 1, '7'),
	(126, 2, 2, '9'),
	(126, 3, 1, '7'),
	(126, 3, 2, '9'),
	(126, 4, 1, '7'),
	(126, 4, 2, '9'),
	(126, 5, 1, '7'),
	(126, 5, 2, '9'),
	(126, 6, 1, '7'),
	(126, 6, 2, '9'),
	(126, 7, 1, '7'),
	(126, 7, 2, '9'),
	(126, 8, 1, '5.5'),
	(126, 8, 2, '9'),
	(126, 9, 1, '6.5'),
	(126, 9, 2, '9'),
	(126, 10, 1, '6.5'),
	(126, 10, 2, '9'),
	(126, 11, 1, '6.5'),
	(126, 11, 2, '9'),
	(126, 12, 1, '7'),
	(126, 12, 2, '9'),
	(126, 13, 1, '5'),
	(126, 13, 2, '9'),
	(126, 14, 1, '7'),
	(126, 14, 2, '9'),
	(126, 15, 1, '6.5'),
	(126, 15, 2, '9'),
	(126, 16, 1, '7'),
	(126, 16, 2, '9'),
	(126, 17, 1, '7'),
	(126, 17, 2, '9'),
	(126, 18, 1, '7'),
	(126, 18, 2, '8.5'),
	(126, 19, 1, '7'),
	(126, 19, 2, '8.5'),
	(126, 20, 1, '7'),
	(126, 20, 2, '8.5'),
	(126, 21, 1, '7'),
	(126, 21, 2, '8.5'),
	(126, 22, 1, '7'),
	(126, 22, 2, '8'),
	(127, 1, 1, '8'),
	(127, 1, 2, '8.5'),
	(127, 2, 1, '7'),
	(127, 2, 2, '7'),
	(127, 3, 1, '7.5'),
	(127, 3, 2, '8'),
	(127, 4, 1, '7.5'),
	(127, 4, 2, '7.5'),
	(127, 5, 1, '8'),
	(127, 5, 2, '8'),
	(127, 6, 1, '7.5'),
	(127, 6, 2, '7.5'),
	(127, 7, 1, '4.5'),
	(127, 7, 2, '9'),
	(127, 8, 1, '7'),
	(127, 8, 2, '9'),
	(127, 9, 1, '7.5'),
	(127, 9, 2, '7.5'),
	(127, 10, 1, '7.5'),
	(127, 10, 2, '7.5'),
	(127, 11, 1, '7.5'),
	(127, 11, 2, '8'),
	(127, 12, 1, '8'),
	(127, 12, 2, '8'),
	(127, 13, 1, '5.5'),
	(127, 13, 2, '9'),
	(127, 14, 1, '7.5'),
	(127, 14, 2, '8'),
	(127, 15, 1, '8.5'),
	(127, 15, 2, '8.5'),
	(127, 16, 1, '8'),
	(127, 16, 2, '8.5'),
	(127, 17, 1, '8.5'),
	(127, 17, 2, '8.5'),
	(127, 18, 1, '8.5'),
	(127, 18, 2, '8'),
	(127, 19, 1, '8'),
	(127, 19, 2, '8'),
	(127, 20, 1, '8.5'),
	(127, 20, 2, '8'),
	(127, 21, 1, '8'),
	(127, 21, 2, '8'),
	(127, 22, 1, '7.5'),
	(127, 22, 2, '8'),
	(130, 1, 1, '7.5'),
	(130, 1, 2, '8.5'),
	(130, 2, 1, '7'),
	(130, 2, 2, '8.5'),
	(130, 3, 1, '7.5'),
	(130, 3, 2, '8.5'),
	(130, 4, 1, '7.5'),
	(130, 4, 2, '9'),
	(130, 5, 1, '8'),
	(130, 5, 2, '9'),
	(130, 6, 1, '8'),
	(130, 6, 2, '9'),
	(130, 7, 1, '3.5'),
	(130, 7, 2, '9'),
	(130, 8, 1, '7.5'),
	(130, 8, 2, '9'),
	(130, 9, 1, '5'),
	(130, 9, 2, '7'),
	(130, 10, 1, '7.5'),
	(130, 10, 2, '8'),
	(130, 11, 1, '7.5'),
	(130, 11, 2, '8'),
	(130, 12, 1, '6'),
	(130, 12, 2, '8'),
	(130, 13, 1, '5'),
	(130, 13, 2, '9'),
	(130, 14, 1, '8.5'),
	(130, 14, 2, '9'),
	(130, 15, 1, '8'),
	(130, 15, 2, '8.5'),
	(130, 16, 1, '7.5'),
	(130, 16, 2, '8.5'),
	(130, 17, 1, '8'),
	(130, 17, 2, '8'),
	(130, 18, 1, '8'),
	(130, 18, 2, '9'),
	(130, 19, 1, '8'),
	(130, 19, 2, '9'),
	(130, 20, 1, '8'),
	(130, 20, 2, '9'),
	(130, 21, 1, '8'),
	(130, 21, 2, '9'),
	(130, 22, 1, '7.5'),
	(130, 22, 2, '9'),
	(131, 1, 1, '8'),
	(131, 1, 2, '9'),
	(131, 2, 1, '8'),
	(131, 2, 2, '9'),
	(131, 3, 1, '8'),
	(131, 3, 2, '8'),
	(131, 4, 1, '8'),
	(131, 4, 2, '8'),
	(131, 5, 1, '8'),
	(131, 5, 2, '8'),
	(131, 6, 1, '9'),
	(131, 6, 2, '9'),
	(131, 7, 1, '5'),
	(131, 7, 2, '9'),
	(131, 8, 1, '6'),
	(131, 8, 2, '9'),
	(131, 9, 1, '7'),
	(131, 9, 2, '9'),
	(131, 10, 1, '8'),
	(131, 10, 2, '8'),
	(131, 11, 1, '8'),
	(131, 11, 2, '8'),
	(131, 12, 1, '8'),
	(131, 12, 2, '9'),
	(131, 13, 1, '5'),
	(131, 13, 2, '9'),
	(131, 14, 1, '8'),
	(131, 14, 2, '8'),
	(131, 15, 1, '8'),
	(131, 15, 2, '8'),
	(131, 16, 1, '8'),
	(131, 16, 2, '8'),
	(131, 17, 1, '8'),
	(131, 17, 2, '9'),
	(131, 18, 1, '9'),
	(131, 18, 2, '9'),
	(131, 19, 1, '8'),
	(131, 19, 2, '9'),
	(131, 20, 1, '8'),
	(131, 20, 2, '9'),
	(131, 21, 1, '9'),
	(131, 21, 2, '9'),
	(131, 22, 1, '9'),
	(131, 22, 2, '9'),
	(132, 1, 1, '8'),
	(132, 1, 2, '9'),
	(132, 2, 1, '7.5'),
	(132, 2, 2, '9'),
	(132, 3, 1, '8'),
	(132, 3, 2, '9'),
	(132, 4, 1, '9'),
	(132, 4, 2, '9'),
	(132, 5, 1, '8'),
	(132, 5, 2, '9'),
	(132, 6, 1, '9'),
	(132, 6, 2, '9'),
	(132, 7, 1, '5'),
	(132, 7, 2, '9'),
	(132, 8, 1, '5'),
	(132, 8, 2, '9'),
	(132, 9, 1, '7'),
	(132, 9, 2, '9'),
	(132, 10, 1, '7'),
	(132, 10, 2, '9'),
	(132, 11, 1, '7'),
	(132, 11, 2, '9'),
	(132, 12, 1, '8'),
	(132, 12, 2, '9'),
	(132, 13, 1, '4.5'),
	(132, 13, 2, '9'),
	(132, 14, 1, '8'),
	(132, 14, 2, '9'),
	(132, 15, 1, '6'),
	(132, 15, 2, '9'),
	(132, 16, 1, '8'),
	(132, 16, 2, '9'),
	(132, 17, 1, '7'),
	(132, 17, 2, '9'),
	(132, 18, 1, '7'),
	(132, 18, 2, '8'),
	(132, 19, 1, '7'),
	(132, 19, 2, '8'),
	(132, 20, 1, '7'),
	(132, 20, 2, '8'),
	(132, 21, 1, '8'),
	(132, 21, 2, '8'),
	(132, 22, 1, '7'),
	(132, 22, 2, '8'),
	(133, 1, 1, '8.5'),
	(133, 1, 2, '8'),
	(133, 2, 1, '8.5'),
	(133, 2, 2, '8'),
	(133, 3, 1, '8.5'),
	(133, 3, 2, '8'),
	(133, 4, 1, '8'),
	(133, 4, 2, '8'),
	(133, 5, 1, '8'),
	(133, 5, 2, '8'),
	(133, 6, 1, '8'),
	(133, 6, 2, '8'),
	(133, 7, 1, '7'),
	(133, 7, 2, '9'),
	(133, 8, 1, '6'),
	(133, 8, 2, '9'),
	(133, 9, 1, '7'),
	(133, 9, 2, '8'),
	(133, 10, 1, '7.5'),
	(133, 10, 2, '8'),
	(133, 11, 1, '8.5'),
	(133, 11, 2, '8'),
	(133, 12, 1, '8.5'),
	(133, 12, 2, '8'),
	(133, 13, 1, '5'),
	(133, 13, 2, '9'),
	(133, 14, 1, '8'),
	(133, 14, 2, '8'),
	(133, 15, 1, '8.5'),
	(133, 15, 2, '8'),
	(133, 16, 1, '8.5'),
	(133, 16, 2, '8'),
	(133, 17, 1, '8.5'),
	(133, 17, 2, '8'),
	(133, 18, 1, '9'),
	(133, 18, 2, '9'),
	(133, 19, 1, '8.5'),
	(133, 19, 2, '9'),
	(133, 20, 1, '9'),
	(133, 20, 2, '9'),
	(133, 21, 1, '8'),
	(133, 21, 2, '9'),
	(133, 22, 1, '8'),
	(133, 22, 2, '9'),
	(134, 1, 1, '7'),
	(134, 1, 2, '9'),
	(134, 2, 1, '7'),
	(134, 2, 2, '9'),
	(134, 3, 1, '7.5'),
	(134, 3, 2, '9'),
	(134, 4, 1, '7'),
	(134, 4, 2, '9'),
	(134, 5, 1, '7.5'),
	(134, 5, 2, '9'),
	(134, 6, 1, '7.5'),
	(134, 6, 2, '9'),
	(134, 7, 1, '5'),
	(134, 7, 2, '9'),
	(134, 8, 1, '5'),
	(134, 8, 2, '9'),
	(134, 9, 1, '7'),
	(134, 9, 2, '9'),
	(134, 10, 1, '7'),
	(134, 10, 2, '9'),
	(134, 11, 1, '6'),
	(134, 11, 2, '9'),
	(134, 12, 1, '6'),
	(134, 12, 2, '9'),
	(134, 13, 1, '4'),
	(134, 13, 2, '9'),
	(134, 14, 1, '7.5'),
	(134, 14, 2, '9'),
	(134, 15, 1, '7.5'),
	(134, 15, 2, '9'),
	(134, 16, 1, '7'),
	(134, 16, 2, '9'),
	(134, 17, 1, '8'),
	(134, 17, 2, '9'),
	(134, 18, 1, '9'),
	(134, 18, 2, '8'),
	(134, 19, 1, '7.5'),
	(134, 19, 2, '8'),
	(134, 20, 1, '7.5'),
	(134, 20, 2, '8'),
	(134, 21, 1, '7.5'),
	(134, 21, 2, '8'),
	(134, 22, 1, '7.5'),
	(134, 22, 2, '8'),
	(136, 1, 1, '8'),
	(136, 1, 2, '8'),
	(136, 2, 1, '7'),
	(136, 2, 2, '8'),
	(136, 3, 1, '7'),
	(136, 3, 2, '8'),
	(136, 4, 1, '7'),
	(136, 4, 2, '8'),
	(136, 5, 1, '7.5'),
	(136, 5, 2, '8'),
	(136, 6, 1, '8'),
	(136, 6, 2, '8'),
	(136, 7, 1, '5'),
	(136, 7, 2, '9'),
	(136, 8, 1, '6'),
	(136, 8, 2, '9'),
	(136, 9, 1, '8'),
	(136, 9, 2, '8'),
	(136, 10, 1, '8'),
	(136, 10, 2, '8'),
	(136, 11, 1, '8'),
	(136, 11, 2, '8'),
	(136, 12, 1, '8'),
	(136, 12, 2, '8'),
	(136, 13, 1, '4'),
	(136, 13, 2, '9'),
	(136, 14, 1, '8'),
	(136, 14, 2, '8'),
	(136, 15, 1, '8'),
	(136, 15, 2, '8'),
	(136, 16, 1, '7.5'),
	(136, 16, 2, '8'),
	(136, 17, 1, '9'),
	(136, 17, 2, '8'),
	(136, 18, 1, '8'),
	(136, 18, 2, '8'),
	(136, 19, 1, '8'),
	(136, 19, 2, '8'),
	(136, 20, 1, '8'),
	(136, 20, 2, '8'),
	(136, 21, 1, '8'),
	(136, 21, 2, '8'),
	(136, 22, 1, '8'),
	(136, 22, 2, '8'),
	(138, 1, 1, '7'),
	(138, 1, 2, '6.5'),
	(138, 2, 1, '7.5'),
	(138, 2, 2, '6'),
	(138, 3, 1, '8'),
	(138, 3, 2, '8.5'),
	(138, 4, 1, '7'),
	(138, 4, 2, '7.5'),
	(138, 5, 1, '5.5'),
	(138, 5, 2, '7'),
	(138, 6, 1, '6.5'),
	(138, 6, 2, '7'),
	(138, 7, 1, '7.5'),
	(138, 7, 2, '9'),
	(138, 8, 1, '5'),
	(138, 8, 2, '9'),
	(138, 9, 1, '7'),
	(138, 9, 2, '7.5'),
	(138, 10, 1, '8'),
	(138, 10, 2, '7.5'),
	(138, 11, 1, '6.5'),
	(138, 11, 2, '8'),
	(138, 12, 1, '7.5'),
	(138, 12, 2, '8'),
	(138, 13, 1, '5'),
	(138, 13, 2, '9'),
	(138, 14, 1, '7.5'),
	(138, 14, 2, '7'),
	(138, 15, 1, '7'),
	(138, 15, 2, '7.5'),
	(138, 16, 1, '8'),
	(138, 16, 2, '9'),
	(138, 17, 1, '8'),
	(138, 17, 2, '8.5'),
	(138, 18, 1, '8.5'),
	(138, 18, 2, '7'),
	(138, 19, 1, '8'),
	(138, 19, 2, '7.5'),
	(138, 20, 1, '8'),
	(138, 20, 2, '8.5'),
	(138, 21, 1, '8'),
	(138, 21, 2, '9'),
	(138, 22, 1, '7.5'),
	(138, 22, 2, '7.5');
/*!40000 ALTER TABLE `jawaban` ENABLE KEYS */;

-- Dumping structure for table libqualnol.responden
CREATE TABLE IF NOT EXISTS `responden` (
  `id_responden` int(10) NOT NULL AUTO_INCREMENT,
  `nama` varchar(50) DEFAULT NULL,
  `email` varchar(50) DEFAULT NULL,
  `no_anggota` varchar(50) DEFAULT NULL,
  `timestamp` timestamp NULL DEFAULT CURRENT_TIMESTAMP,
  `answers_1` text NOT NULL COMMENT 'berisi 22 jawaban berdasarkan persepsi. tiap jawaban dipisahkan dengan tanda koma. skala jawaban 1-5. 1=sangat rendah, 2=rendah, 3=sedang, 4=tinggi, 5=sangat tinggi',
  `answers_2` text NOT NULL COMMENT 'berisi 22 jawaban berdasarkan ekspektasi. tiap jawaban dipisahkan dengan tanda koma. skala jawaban 1-5. 1=sangat rendah, 2=rendah, 3=sedang, 4=tinggi, 5=sangat tinggi',
  `responden_status` int(1) DEFAULT NULL COMMENT '1=baru daftar, 2=sudah selesai mengisi',
  `tingkat_pendidikan` int(1) DEFAULT NULL COMMENT '1=SD, 2=SMP, 3=SMA, 4=S1, 5=S2, 6=S3, 7=lainnya',
  `jenis_kelamin` int(1) DEFAULT NULL COMMENT '1=laki-laki, 2=perempuan',
  PRIMARY KEY (`id_responden`)
) ENGINE=InnoDB AUTO_INCREMENT=139 DEFAULT CHARSET=latin1;

-- Dumping data for table libqualnol.responden: ~50 rows (approximately)
/*!40000 ALTER TABLE `responden` DISABLE KEYS */;
INSERT INTO `responden` (`id_responden`, `nama`, `email`, `no_anggota`, `timestamp`, `answers_1`, `answers_2`, `responden_status`, `tingkat_pendidikan`, `jenis_kelamin`) VALUES
	(57, 'Anda Supriyatna', 'anda.humas@gmail.com', '196007211982031003', '2017-07-03 14:33:22', '7,9,8,8,9,9,7,8,9,7,9,7,6,9,8,9,8,8,7,9,9,9', '8,9,9,8.5,9,9,9,8,9,7,9,7,9,9,9,9,8,9,9,9,9,9', 4, 3, 1),
	(58, 'Imam Suryanto', 'imam.kemendag@gmail.com', '1991112220140201001', '2017-07-03 14:45:51', '8,8.5,8,8,8,8.5,6,8,8,7.5,8,8,4.5,8,8,8,8,8,8,8.5,8,8', '7,9,9,9,9,9,9,9,9,9,9,9,9,9,9,9,9,7,8.5,8.5,8,7', 4, 4, 1),
	(59, 'elizabeth vania', 'vaniaelizabeth99@gmail.com', '', '2017-07-03 14:47:51', '9,9,9,9,9,9,5,7,7,8,8,7,5,7,7,8,9,9,8,8,9,9', '8,8,8,8,8,8,7,7,7,6.5,6.5,7.5,9,8,8,8,7,9,9,7.5,8,7.5', 4, 4, 2),
	(61, 'Reza Fenita', 'rezafenita@gmail.com', '', '2017-07-03 14:55:33', '9,8.5,7.5,8.5,6.5,9,4.5,7,8,8,9,9,6,8,8,9,9,9,9,9,6.5,8', '8,9,6.5,8.5,6,7,8.5,8.5,9,8,9,8.5,9,9,8,8.5,8.5,8.5,8.5,8.5,8.5,8.5', 4, 4, 2),
	(64, 'Ria Miska', 'ria.miska.repa@gmail.com', '198709242014022001', '2017-07-04 13:39:42', '8.5,8.5,8.5,8.5,8.5,8.5,6,7.5,7,8,7.5,7,4,8,8,7.5,8,8,7.5,8,8,6.5', '8.5,8.5,8.5,8.5,8.5,8.5,8.5,8.5,8.5,8.5,8.5,8.5,9,8.5,8.5,8.5,8.5,9,9,9,9,9', 4, 7, 2),
	(67, 'Lizza', 'lizza.kemendag@gmail.com', '199106042014022001', '2017-07-04 13:50:11', '9,8.5,9,8.5,8,9,6,8.5,8.5,9,9,9,5,8.5,8.5,8,9,9,9,9,9,9', '8,9,9,9,9,9,9,9,9,9,9,9,9,9,9,8.5,9,7,7,7,7,7', 4, 4, 2),
	(68, 'bhatara', 'kasihtaugaya@adadeh.com', '121212113112212', '2017-07-04 14:12:18', '8,8,7.5,8.5,8,8,7.5,7.5,6.5,8.5,7.5,7,7,8.5,8.5,7.5,8,8,8,8,8,8', '7,7,8,7,7,7,8.5,8,8,8,7.5,8,9,7,7,7,7,8.5,8.5,8.5,8.5,8.5', 4, 4, 1),
	(70, 'Fatmayanti', 'fatmayanti85@gmail.com', '198508302008012001', '2017-07-04 14:12:50', '7.5,9,9,9,9,7.5,4.5,7.5,7,9,6.5,6.5,5,9,9,8,9,9,9,9,9,9', '8,9,9,9,9,8,9,8.5,8,9,8,8,9,9,9,8,8.5,8.5,8.5,8.5,8,8.5', 4, 5, 2),
	(73, 'Etika Suryandari', 'etika.aisya@gmail.com', '198702022009122001', '2017-07-04 14:24:27', '7,7.5,7.5,7.5,7.5,7.5,5,6.5,7.5,7.5,6.5,6,5,7,6,6.5,7.5,7,7.5,7.5,7,7', '8,9,8.5,9,8.5,8.5,8.5,8.5,7,9,8.5,8,9,8.5,8,8,8.5,8.5,8.5,9,9,9', 4, 5, 2),
	(75, 'KURNIAWAN TRIWIBOWO ', 'inyonk99@gmail.com', '198010182008011004', '2017-07-04 14:32:42', '7.5,7.5,7,6.5,6.5,7,5,7.5,6.5,6.5,7.5,6.5,4,7,6,6,8,8,7.5,7.5,8,7.5', '7,9,8.5,9,9,9,9,9,9,9,9,9,9,9,9,9,8.5,9,8.5,8.5,8.5,8.5', 3, 5, 1),
	(76, 'ashry', 'ashrynov@gmail.com', '198611282009012003', '2017-07-04 14:39:31', '8,8,8,8,8,8,5.5,6,8,9,8.5,5.5,4.5,8,8,8,8.5,8.5,8.5,8.5,8.5,8.5', '9,9,9,9,9,9,9,9,9,9,9,9,9,9,9,9,9,8.5,8,8.5,9,8.5', 4, 5, 2),
	(79, 'Aismet ', 'aismet@outlook.com', '198008132009011003', '2017-07-04 15:24:56', '7,6.5,6.5,7,6.5,7,5,5.5,4,6,6,5,5,7,7,6.5,7,7,7,6.5,7,6', '9,9,9,9,9,9,9,9,9,9,9,9,9,9,9,9,8,9,9,9,9,9', 4, 4, 1),
	(80, 'Frida', 'fadyasari@yahoo.com', '198410062009012003', '2017-07-04 15:55:34', '8,8,8,8,8,8,7,5,7,7,6,7,5,7,7.5,7.5,8,8,8,7,7,7', '9,9,9,9,9,9,9,9,9,9,9,9,9,9,9,9,9,8.5,8,8,8.5,8', 4, 5, 2),
	(84, 'hafizah larashati', 'larashi11@gmail.com', '', '2017-07-05 13:36:12', '8,7.5,8,8,7.5,7.5,5,4.5,7.5,8,7.5,7,5,7.5,8.5,7.5,8,8,7.5,7.5,8,7.5', '8,8,8.5,8.5,8,8,9,9,8,9,8,7.5,9,8,9,8,8.5,2.5,2.5,3.5,4.5,4.5', 4, 5, 2),
	(85, 'a', 'a@a.com', 'a', '2017-07-06 11:28:53', '9,9,9,9,9,9,5,5,5,5.5,6.5,5,4.5,6.5,6.5,7,7.5,5.5,6.5,5.5,7.5,7.5', '8,9,9,9,9,9,9,9,3,4,4,4,9,2.5,3,4,3.5,7.5,7.5,7.5,7.5,7.5', 4, 7, 1),
	(87, 'Yuni Setiawati', 'yuni.fakhrudin@gmail.com', '198906132014022001', '2017-07-06 11:35:52', '8,7.5,8,8,7,8,4.5,6,6.5,7.5,7,7,5,7.5,8,6.5,8.5,8.5,8.5,8.5,8.5,7.5', '7,7,7,7,7,7,9,9,6.5,6.5,6.5,6.5,9,6.5,6.5,6.5,7.5,9,9,9,9,9', 4, 7, 2),
	(88, 'Teja Primawati Utami', 'teja.p.utami@gmail.com', '198110252005022001', '2017-07-06 11:36:26', '7,6,5,6,5.5,7,5,4.5,4,8,7,7,5,6,6.5,3.5,7.5,8,8,7,7,6', '9,9,9,9,9,9,9,9,9,9,9,9,9,9,9,9,9,9,9,9,9,9', 4, 6, 2),
	(91, 'armi yuniani', 'armi.yuniani@kemendag.go.id', '', '2017-07-06 11:49:20', '7,8,8,8,7,8,6,5,7,8,8,8,5,7.5,8,8.5,7.5,7.5,7.5,8,8,8', '8,9,9,9,9,9,9,9,9,9,9,9,9,9,9,9,9,6.5,6.5,6.5,6.5,6.5', 4, 5, 2),
	(94, 'Kuncoro Murdiyanto', 'kuncoro.murdiyanto@kemendag.go.id', '198205302008011009', '2017-07-06 11:53:51', '8,8.5,9,7.5,8.5,8,5.5,6,5,5,7,8,5.5,8,8,8,8,8,8,8,8,8', '9,9,9,9,9,9,9,9,9,9,9,9,9,9,9,9,6.5,8.5,9,9,8,8.5', 4, 5, 1),
	(95, 'Subhan Apriyatna', 'subhan.apriyatna@gmail.com', '198704192010121001', '2017-07-06 11:54:32', '6,6.5,6,7,6.5,7,7,4,6,7,7,7,5,6,6.5,7.5,8,7.5,7.5,7.5,7.5,7.5', '7.5,8,7.5,8,8.5,8.5,9,9,7.5,8.5,7.5,8,9,7.5,8.5,9,9,9,9,9,9,9', 4, 5, 1),
	(96, 'retno sawitri', 'retnosawitri.ub@gmail.com', '199004302014022001', '2017-07-06 11:56:04', '4.5,7,5,5,5,5,7.5,5,2.5,6.5,5.5,7.5,4,6.5,5.5,8,7.5,9,7.5,7,6.5,7', '9,9,9,9,9,9,9,9,9,9,9,9,9,9,9,9,9,9,9,9,9,9', 4, 4, 2),
	(97, 'Kamila', 'ibuaiy@yahoo.com', '', '2017-07-06 12:06:23', '5,7.5,7.5,6,8,7,6,7,6,9,5,6,6,7.5,7.5,6,3,3,9,5,5,9', '7.5,8.5,9,9,9,9,9,9,7.5,9,6.5,9,9,7.5,7.5,7.5,9,9,9,9,9,9', 4, 5, 2),
	(98, 'Firman Sunagakure', 'brungjon@gmail.com', 'JKT48', '2017-07-06 13:50:38', '9,9,9,6,9,9,5,5,5.5,5.5,6,5,5,5,7,9,8.5,9,9,9,9,9', '8,9,9,9,9,9,9,9,8,7,9,9,9,9,9,9,9,8.5,8.5,8,8.5,9', 4, 4, 1),
	(99, 'intan permata', 'cozyblue43@gmail.com', '199203262014022002', '2017-07-06 16:19:11', '8,7.5,9,8,8.5,9,6,5,8.5,8.5,8,9,4.5,8,9,9,9,8.5,8.5,8,8.5,9', '8,9,9,8.5,9,9,9,9,9,8.5,8.5,9,9,9,9,9,9,9,9,9,9,9', 4, 4, 2),
	(100, 'Bama Ibadurrahman', 'bamaibad@gmail.com', '', '2017-07-06 16:19:37', '8,8,8,8,8,7.5,5,6,7,8.5,8,7,5,7.5,8,8,8.5,8.5,8.5,8.5,8.5,8.5', '8.5,8.5,9,9,8.5,8,9,9,7.5,9,8.5,8,9,8,8.5,8.5,9,9,9,9,9,9', 4, 4, 1),
	(102, 'Ernis Feriandes', 'ernisferiandes@yahoo.com', '198905292014021002', '2017-07-07 09:21:58', '8,8,8,8,8,8,3.5,4.5,8,8,8,8,6,8,8,8,8,8,8.5,8,8,8', '8,9,9,9,9,9,9,9,9,9,9,9,9,9,9,9,9,8,9,8.5,8,8', 4, 4, 1),
	(103, 'okky laras', 'okkylarassakti28@gmail.com', '44312098', '2017-07-07 09:22:49', '8,8,8,8,9,8,5,5,7,8.5,8,8,5.5,8,7,7,8,8,8,8,8,8', '8,9,8,8,8.5,8.5,9,9,7.5,9,8,8.5,9,8,8,8,8,9,9,9,9,9', 4, 4, 2),
	(104, 'Yugo Pujonggo', 'yugo.pujonggo@kemendag.go.id', '199001182014021002', '2017-07-07 11:00:06', '7.5,8,7,7,6.5,8,6,5,5.5,7,8.5,8.5,4.5,8,7.5,7,7.5,8,7.5,7,7.5,7', '8,9,9,9,9,9,9,9,9,9,9,9,9,9,9,9,9,8,8,8,8,8', 4, 5, 1),
	(105, 'Dini Fadhilah', 'dinifadhilah28@gmail.com', '', '2017-07-07 14:20:37', '8,8,8,8,8,8,5.5,5,7,8,8,8,5,7,6,8,9,8,8,8,8,8', '8,8,8,8,8,8,9,9,7,8,8,8,9,7,6,8,9,9,8.5,9,8.5,8.5', 4, 4, 2),
	(107, 'Spiza Caerina', 'leostradaspiza@gmail.com', '', '2017-07-07 15:21:04', '7,7.5,7.5,7.5,7,7,5,6,7,8,7.5,7.5,5,7.5,8,8,8.5,8.5,8,8.5,8,8', '8,8.5,8,8,7.5,7.5,9,9,7.5,8.5,8,8,9,8,9,9,9,8,8,8,8,8', 4, 5, 2),
	(109, 'ananda sekar rahmi', 'anandasekarr@gmail.com', '', '2017-07-10 10:32:34', '8,8,8.5,8.5,8.5,8,4.5,5,8.5,8,7.5,8,5.5,8.5,8,8,8,8.5,8,8,7.5,8', '8,8.5,8.5,8,8,8,9,9,8,7.5,8,8,9,8,8.5,8.5,8,8,7.5,8.5,9,9', 4, 4, 2),
	(110, 'diandra nessia', 'diandraas@hotmail.com', '', '2017-07-10 10:35:22', '7.5,8,8,8,7.5,7.5,5,5,7.5,8,9,8,5,8,8.5,8,8,8,7.5,8.5,8,7.5', '8,8,7.5,8,7,7.5,9,9,7.5,8,8.5,9,9,8.5,8.5,8,8,9,9,9,9,8.5', 4, 4, 2),
	(111, 'Rose Olivia Elza Noor', 'roseoliviael@gmail.com', '', '2017-07-10 13:58:10', '8,8,7.5,8,7.5,8.5,5.5,6,7,7,7.5,7,5,8.5,8,8.5,9,8.5,8.5,8,8.5,7.5', '7,9,9,9,9,9,9,9,7.5,8,8.5,8.5,9,9,9,9,9,7,7,7,7,7', 4, 4, 2),
	(112, 'Marita Angraini', 'anggraini.marita@ymail.com', '198303212010122001', '2017-07-11 10:07:24', '7.5,5,5,8,5,6,4.5,5.5,3,4,3,9,5,8,5,9,7,7,5,7,7,3', '8,9,9,9,9,9,9,9,9,9,9,9,9,9,9,9,7,9,9,9,9,9', 4, 4, 2),
	(115, 'Royyan Azizi', 'quantro.13@gmail.com', '198505242009121001', '2017-07-11 13:51:33', '8,8.5,7,8.5,9,7.5,5,5,7.5,7.5,6.5,5,5,8.5,8.5,9,9,9,7,9,8,8.5', '9,9,8,9,9,9,9,9,9,9,9,9,9,9,9,9,9,9,9,9,9,9', 4, 4, 1),
	(116, 'indah farahdilla', 'indah.farahdilla@gmail.com', '198611292009012001', '2017-07-11 13:54:32', '8.5,8,8.5,8.5,8.5,8.5,3.5,6,8,8,8,5,5,7.5,8,8,8,8,8,8,5.5,8', '9,9,9,9,9,9,9,9,9,9,9,9,9,9,9,9,9,9,9,9,9,9', 4, 4, 2),
	(117, 'Beatrix', 'beatrixparhusip@gmail.com', '198610022009012002', '2017-07-11 13:58:37', '8,9,9,9,9,9,3,5,6,9,7,1,5,8,9,7,7,9,9,8,9,9', '7,9,9,9,9,9,9,9,7.5,8,9,9,9,9,9,9,9,9,9,9,9,9', 4, 5, 2),
	(118, 'Ratih Supriyati', 'ratih.supriyati@gmail.com', '198304182009012006', '2017-07-11 13:58:45', '7,8,7,7,7.5,8,6.5,5,7,7,6.5,6.5,5,7.5,8,7,6.5,7,7,7,7,6.5', '8,9,9,9,9,9,9,9,9,9,9,9,9,9,9,9,9,9,8,9,8.5,8', 4, 5, 2),
	(119, 'dewi', 'dedey_tea@yahoo.com', '198610182009012002', '2017-07-11 14:00:13', '8,7,7.5,7.5,6.5,7,7,4.5,5,8,7.5,9,5,7,6,7,8,8,7.5,9,8.5,7', '9,9,9,9,9,9,9,9,8,9,9,9,9,9,8,8,9,9,9,9,9,8', 4, 4, 2),
	(122, 'Dwi Wahyuniarti', 'dwi_wp@yahoo.com', '197806222009012004', '2017-07-11 14:06:16', '8,8,7.5,8,7.5,7,5.5,5,7.5,8,8,8.5,5,7.5,8,7.5,8,9,8,8,8,7.5', '8.5,8,8,8,8,8,9,9,9,9,9,9,9,9,9,8.5,8.5,8.5,8,8,8.5,8', 4, 5, 2),
	(125, 'Dyah', 'dyahdamayanti@yahoo.com', '198504152009012006', '2017-07-11 14:25:20', '6,7.5,4.5,6,8,6.5,5,6,5,6.5,8,7.5,5.5,5,6,6.5,8,8,7.5,7.5,8,7.5', '8,8,6.5,7.5,8,7.5,9,9,8,8,7.5,8,9,8,8,8,8.5,9,9,9,9,9', 3, 5, 2),
	(126, 'Putri', 'putri_banget@yahoo.com', '198302082009012002', '2017-07-11 14:31:59', '7,7,7,7,7,7,7,5.5,6.5,6.5,6.5,7,5,7,6.5,7,7,7,7,7,7,7', '8,9,9,9,9,9,9,9,9,9,9,9,9,9,9,9,9,8.5,8.5,8.5,8.5,8', 4, 4, 2),
	(127, 'Tresna', 'ena.nech@gmail.com', '198602052009012005', '2017-07-11 14:39:39', '8,7,7.5,7.5,8,7.5,4.5,7,7.5,7.5,7.5,8,5.5,7.5,8.5,8,8.5,8.5,8,8.5,8,7.5', '8.5,7,8,7.5,8,7.5,9,9,7.5,7.5,8,8,9,8,8.5,8.5,8.5,8,8,8,8,8', 4, 5, 2),
	(130, 'Candra Mirawiarsi', 'candramirawiarsi@yahoo.com', '197903202008012012', '2017-07-11 15:09:17', '7.5,7,7.5,7.5,8,8,3.5,7.5,5,7.5,7.5,6,5,8.5,8,7.5,8,8,8,8,8,7.5', '8.5,8.5,8.5,9,9,9,9,9,7,8,8,8,9,9,8.5,8.5,8,9,9,9,9,9', 4, 4, 2),
	(131, 'Seno Pratomo', 'senopee@yahoo.com', '198110252009011004', '2017-07-11 15:12:18', '8,8,8,8,8,9,5,6,7,8,8,8,5,8,8,8,8,9,8,8,9,9', '9,9,8,8,8,9,9,9,9,8,8,9,9,8,8,8,9,9,9,9,9,9', 4, 5, 1),
	(132, 'Heri Haryadi', 'herilajnah@gmail.com', '198208072009011011', '2017-07-12 09:03:13', '8,7.5,8,9,8,9,5,5,7,7,7,8,4.5,8,6,8,7,7,7,7,8,7', '9,9,9,9,9,9,9,9,9,9,9,9,9,9,9,9,9,8,8,8,8,8', 4, 5, 1),
	(133, 'Irfan S', 'irfan_mot@outlook.com', '', '2017-07-12 14:55:04', '8.5,8.5,8.5,8,8,8,7,6,7,7.5,8.5,8.5,5,8,8.5,8.5,8.5,9,8.5,9,8,8', '8,8,8,8,8,8,9,9,8,8,8,8,9,8,8,8,8,9,9,9,9,9', 4, 5, 1),
	(134, 'achsan rifani', 'achsan.rif@gmail.com', '198303262008011003', '2017-07-13 08:11:39', '7,7,7.5,7,7.5,7.5,5,5,7,7,6,6,4,7.5,7.5,7,8,9,7.5,7.5,7.5,7.5', '9,9,9,9,9,9,9,9,9,9,9,9,9,9,9,9,9,8,8,8,8,8', 4, 4, 1),
	(136, 'Mega Indraswari', 'indraswari.mega@gmail.com', '198505232009012002', '2017-07-19 12:59:26', '8,7,7,7,7.5,8,5,6,8,8,8,8,4,8,8,7.5,9,8,8,8,8,8', '8,8,8,8,8,8,9,9,8,8,8,8,9,8,8,8,8,8,8,8,8,8', 4, 7, 2),
	(138, 'Untung Wijanarko', 'luckynarco@gmail.com', '197204111994031003', '2017-07-21 08:34:32', '7,7.5,8,7,5.5,6.5,7.5,5,7,8,6.5,7.5,5,7.5,7,8,8,8.5,8,8,8,7.5', '6.5,6,8.5,7.5,7,7,9,9,7.5,7.5,8,8,9,7,7.5,9,8.5,7,7.5,8.5,9,7.5', 4, 3, 1);
/*!40000 ALTER TABLE `responden` ENABLE KEYS */;

-- Dumping structure for table libqualnol.respondennol
CREATE TABLE IF NOT EXISTS `respondennol` (
  `id_responden` int(10) NOT NULL AUTO_INCREMENT,
  `nama` varchar(50) DEFAULT NULL,
  `email` varchar(50) DEFAULT NULL,
  `no_anggota` varchar(50) DEFAULT NULL,
  `timestamp` timestamp NULL DEFAULT CURRENT_TIMESTAMP,
  `answers_1` text NOT NULL COMMENT 'berisi 22 jawaban berdasarkan persepsi. tiap jawaban dipisahkan dengan tanda koma. skala jawaban 1-5. 1=sangat rendah, 2=rendah, 3=sedang, 4=tinggi, 5=sangat tinggi',
  `answers_2` text NOT NULL COMMENT 'berisi 22 jawaban berdasarkan ekspektasi. tiap jawaban dipisahkan dengan tanda koma. skala jawaban 1-5. 1=sangat rendah, 2=rendah, 3=sedang, 4=tinggi, 5=sangat tinggi',
  `responden_status` int(1) DEFAULT NULL COMMENT '1=baru daftar, 2=sudah selesai mengisi',
  `tingkat_pendidikan` int(1) DEFAULT NULL COMMENT '1=SD, 2=SMP, 3=SMA, 4=S1, 5=S2, 6=S3, 7=lainnya',
  `jenis_kelamin` int(1) DEFAULT NULL COMMENT '1=laki-laki, 2=perempuan',
  PRIMARY KEY (`id_responden`)
) ENGINE=InnoDB DEFAULT CHARSET=latin1;

-- Dumping data for table libqualnol.respondennol: ~0 rows (approximately)
/*!40000 ALTER TABLE `respondennol` DISABLE KEYS */;
/*!40000 ALTER TABLE `respondennol` ENABLE KEYS */;

-- Dumping structure for table libqualnol.subcriteria
CREATE TABLE IF NOT EXISTS `subcriteria` (
  `id_subcriteria` int(10) NOT NULL AUTO_INCREMENT,
  `id_criteria_fk` int(10) DEFAULT NULL,
  `subcriteria` text,
  `pertanyaan` text,
  `status_subcriteria` int(1) DEFAULT NULL,
  PRIMARY KEY (`id_subcriteria`),
  KEY `id_criteria_fk` (`id_criteria_fk`)
) ENGINE=InnoDB AUTO_INCREMENT=23 DEFAULT CHARSET=latin1;

-- Dumping data for table libqualnol.subcriteria: ~22 rows (approximately)
/*!40000 ALTER TABLE `subcriteria` DISABLE KEYS */;
INSERT INTO `subcriteria` (`id_subcriteria`, `id_criteria_fk`, `subcriteria`, `pertanyaan`, `status_subcriteria`) VALUES
	(1, 1, 'Penampilan dan Kerapian', 'Penampilan dan kerapian pustakawan', 1),
	(2, 1, 'Sikap dan Perilaku', 'Sikap dan perilaku pustakawan dalam memberikan pelayanan', 1),
	(3, 1, 'Daya Tanggap', 'Daya tanggap pustakawan dalam pelayanan\r\n', 1),
	(4, 1, 'Kemampuan Pustakawan', 'Kemampuan pustakawan dalam menjawab pertanyaan pengguna', 1),
	(5, 1, 'Bimbingan dari Pustakawan', 'Bimbingan yang diberikan pustakawan dalam penelusuran informasi', 1),
	(6, 1, 'Jam Layanan', 'Petugas melayani sesuai dengan ketentuan jam pelayanan yang telah ditetapkan	\r\n', 1),
	(7, 2, 'Kemutkahiran Koleksi', 'Kemutakhiran koleksi (up to date)', 1),
	(8, 2, 'Koleksi Buku', 'Ketersediaan koleksi buku dalam menunjang pekerjaan', 1),
	(9, 2, 'Koleksi Audiovisual', 'Ketersediaan koleksi audiovisual (CD, VCD, DVD)', 1),
	(10, 2, 'Koleksi Surat Kabar dan Majalah', 'Ketersediaan koleksi surat kabar dan majalah dalam memenuhi kebutuhan informasi terkini', 1),
	(11, 2, 'Fasilitas Komputer', 'Fasilitas komputer yang diberikan', 1),
	(12, 2, 'Fasilitas Internet (WIFI)', 'Fasilitas internet/WIFI yang diberikan\r\n', 1),
	(13, 2, 'Koleksi Jurnal Online', 'Ketersediaan dan kemudahan akses jurnal online', 1),
	(14, 2, 'Penempatan Koleksi', 'Penempatan koleksi pada rak mudah untuk ditemukan', 1),
	(15, 2, 'Self Service', 'Kemudahan penggunaan layanan mandiri (self service)', 1),
	(16, 2, 'Katalog Penelusuran (OPAC)', 'Katalog penelusuran online (OPAC)', 1),
	(17, 3, 'Desain Ruangan', 'Desain ruangan perpustakaan', 1),
	(18, 3, 'Kebersihan dan Keindahan', 'Kebersihan dan keindahan ruangan perpustakaan', 1),
	(19, 3, 'Pencahayaan dan Pengaturan Suhu', 'Pencahayaan dan pengaturan suhu ruangan perpustakaan', 1),
	(20, 3, 'Kondusifitas/Kenyamanan', 'Kondusifitas/kenyamanan ruangan perpustakaan', 1),
	(21, 3, 'Ketersediaan Meja dan Tempat Duduk', 'Ketersediaan meja dan tempat duduk', 1),
	(22, 3, 'Sarana loker', 'Sarana penitipan tas (loker) yang diberikan', 1);
/*!40000 ALTER TABLE `subcriteria` ENABLE KEYS */;

-- Dumping structure for table libqualnol.subcriterianol
CREATE TABLE IF NOT EXISTS `subcriterianol` (
  `id_subcriteria` int(10) NOT NULL AUTO_INCREMENT,
  `id_criteria_fk` int(10) DEFAULT NULL,
  `subcriteria` text,
  `pertanyaan` text,
  `status_subcriteria` int(1) DEFAULT NULL,
  PRIMARY KEY (`id_subcriteria`),
  KEY `id_criteria_fk` (`id_criteria_fk`)
) ENGINE=InnoDB DEFAULT CHARSET=latin1;

-- Dumping data for table libqualnol.subcriterianol: ~0 rows (approximately)
/*!40000 ALTER TABLE `subcriterianol` DISABLE KEYS */;
/*!40000 ALTER TABLE `subcriterianol` ENABLE KEYS */;

-- Dumping structure for table libqualnol.user
CREATE TABLE IF NOT EXISTS `user` (
  `id_user` int(10) NOT NULL AUTO_INCREMENT,
  `username` tinytext,
  `password` tinytext,
  `role` int(1) DEFAULT NULL COMMENT '1=admin, 2=pengelola perpus, 3=pakar',
  `user_status` int(1) DEFAULT NULL,
  `nama` tinytext,
  `alamat` text,
  `jabatan` tinytext,
  `email` tinytext,
  PRIMARY KEY (`id_user`)
) ENGINE=InnoDB AUTO_INCREMENT=6 DEFAULT CHARSET=latin1;

-- Dumping data for table libqualnol.user: ~4 rows (approximately)
/*!40000 ALTER TABLE `user` DISABLE KEYS */;
INSERT INTO `user` (`id_user`, `username`, `password`, `role`, `user_status`, `nama`, `alamat`, `jabatan`, `email`) VALUES
	(1, 'admin', 'admin', 1, 1, 'Admin', NULL, NULL, 'admin@libqual.com'),
	(2, 'pakar1', 'pakar1', 3, 1, 'pakar1', 'yogyakarta', 'pakar1', 'pakar1@gmail.com'),
	(3, 'pakar2', 'pakar2', 3, 1, 'pakar2', 'yogyakarta', 'pakar2', 'pakar2@gmail.com'),
	(5, 'asdasdasd', 'asdasd', 2, 1, 'asdasd', 'asd@ad.dfghd', 'asd', 'asd@asd.wsf');
/*!40000 ALTER TABLE `user` ENABLE KEYS */;

-- Dumping structure for table libqualnol.userisi
CREATE TABLE IF NOT EXISTS `userisi` (
  `id_user` int(10) NOT NULL AUTO_INCREMENT,
  `username` tinytext,
  `password` tinytext,
  `role` int(1) DEFAULT NULL COMMENT '1=admin, 2=pengelola perpus, 3=pakar',
  `user_status` int(1) DEFAULT NULL,
  `nama` tinytext,
  `alamat` text,
  `jabatan` tinytext,
  `email` tinytext,
  PRIMARY KEY (`id_user`)
) ENGINE=InnoDB AUTO_INCREMENT=6 DEFAULT CHARSET=latin1;

-- Dumping data for table libqualnol.userisi: ~5 rows (approximately)
/*!40000 ALTER TABLE `userisi` DISABLE KEYS */;
INSERT INTO `userisi` (`id_user`, `username`, `password`, `role`, `user_status`, `nama`, `alamat`, `jabatan`, `email`) VALUES
	(1, 'admin', 'admin', 1, 1, 'Admin', NULL, NULL, 'admin@libqual.com'),
	(2, 'doddy_kabag', 'doddykabag', 2, 1, 'Raden Sudiyatmoko, S.H.', 'Jl. M. I. Ridwan Rais No. 5, Jakarta Pusat', 'Kepala Bagian Layanan Informasi Publik dan Perpustakaan Kemendag', 'sudiyatmoko@yahoo.com'),
	(3, 'ida', 'ida1', 3, 1, 'Dr. Ida Farida MLIS', 'Jl. Ir. H. Juanda No.95, Ciputat Timur., Kota Tangerang Selatan, Banten 15412', 'Dosen Prodi Ilmu Perpustakaan UIN Syarif Hidayatullah Jakarta', 'pakar1@gmail.com'),
	(4, 'wahyu', 'w4hyu77', 3, 1, 'Wahyu Kumoro', 'Jl. Pejambon No. 6 Jakarta Pusat', 'Ketua Forum Perpustakaan Khusus Indonesia', 'wkumoro@gmail.com'),
	(5, 'dewi.kaniasari', 'Kanya25', 3, 1, 'Dewi Kaniasari', 'Jl. Pancawarga I/16 No. 13 Jakarta 13410', 'Kepala Sub Bagian Perpustakaan', 'dewi_kanya@yahoo.com');
/*!40000 ALTER TABLE `userisi` ENABLE KEYS */;

/*!40101 SET SQL_MODE=IFNULL(@OLD_SQL_MODE, '') */;
/*!40014 SET FOREIGN_KEY_CHECKS=IF(@OLD_FOREIGN_KEY_CHECKS IS NULL, 1, @OLD_FOREIGN_KEY_CHECKS) */;
/*!40101 SET CHARACTER_SET_CLIENT=@OLD_CHARACTER_SET_CLIENT */;
